name,bus,control,technology,type,p_nom,p_nom_mod,p_nom_extendable,p_nom_min,p_nom_max,p_min_pu,p_max_pu,p_set,q_set,sign,carrier,marginal_cost,marginal_cost_quadratic,build_year,lifetime,capital_cost,efficiency,committable,start_up_cost,shut_down_cost,stand_by_cost,min_up_time,min_down_time,up_time_before,down_time_before,ramp_limit_up,ramp_limit_down,ramp_limit_start_up,ramp_limit_shut_down,weight,p_nom_opt,min_utilisation_rate,max_utilisation_rate,is_blend_or_ccs,generation_blend_share,annual_fixed_costs,total_capital_cost
JPN01-Coal-2023active_exo,JPN01,,coal-unspecified,coal-unspecified,1929.81,0,FALSE,0,1929.81,0,1,,,,Coal,40.9,,2023,40,2123830.2,0.36,FALSE,,,,,,,,0.7,0.85,,,,,0,0.56,FALSE,0,90645.9,2123830.2
JPN01-Coal-2030_endo,JPN01,,coal-unspecified,coal-unspecified,0,0,TRUE,0,0,0,1,,,,Coal,34.4,,2030,40,2123830.2,0.43,FALSE,,,,,,,,0.7,0.85,,,,,0,0.56,FALSE,0,90645.9,2123830.2
JPN01-Coal-2030_exo,JPN01,,coal-unspecified,coal-unspecified,0,0,FALSE,0,0,0,1,,,,Coal,34.4,,2030,40,2123830.2,0.43,FALSE,,,,,,,,0.7,0.85,,,,,0,0.56,FALSE,0,90645.9,2123830.2
JPN01-Gas-2023active_exo,JPN01,,gas-unspecified,gas-unspecified,426.98,0,FALSE,0,426.98,0,1,,,,Gas,63.29,,2023,40,2101654.8,0.5,FALSE,,,,,,,,1,1,,,,,0.13,0.56,FALSE,0,76836,2101654.8
JPN01-Gas-2030_endo,JPN01,,gas-unspecified,gas-unspecified,0,0,TRUE,0,173.55,0,1,,,,Gas,57.86,,2030,40,2101654.8,0.55,FALSE,,,,,,,,1,1,,,,,0.13,0.56,FALSE,0,76836,2101654.8
JPN01-Gas-2030_exo,JPN01,,gas-unspecified,gas-unspecified,564.73,0,FALSE,0,564.73,0,1,,,,Gas,57.86,,2030,40,2101654.8,0.55,FALSE,,,,,,,,1,1,,,,,0.13,0.56,FALSE,0,76836,2101654.8
JPN01-Oil-2023active_exo,JPN01,,oil-unspecified,oil-unspecified,2083.02,0,FALSE,0,2083.02,0,1,,,,Oil,171.07,,2023,30,2292758.4,0.29,FALSE,,,,,,,,1,1,,,,,0,1,FALSE,0,64108.6,2292758.4
JPN01-Oil-2030_endo,JPN01,,oil-unspecified,oil-unspecified,0,0,TRUE,0,0,0,1,,,,Oil,125.35,,2030,30,2292758.4,0.39,FALSE,,,,,,,,1,1,,,,,0,1,FALSE,0,64108.6,2292758.4
JPN01-Oil-2030_exo,JPN01,,oil-unspecified,oil-unspecified,0,0,FALSE,0,0,0,1,,,,Oil,125.35,,2030,30,2292758.4,0.39,FALSE,,,,,,,,1,1,,,,,0,1,FALSE,0,64108.6,2292758.4
JPN01-Nuclear-2023active_exo,JPN01,,nuclear-unspecified,nuclear-unspecified,0,0,FALSE,0,0,0,0.76,,,,Nuclear,11.98,,2023,40,8147000,0.35,FALSE,,,,,,,,0.3,0.3,,,,,0,0.8,FALSE,0,150843.7,8147000
JPN01-Nuclear-2030_exo,JPN01,,nuclear-unspecified,nuclear-unspecified,912,0,FALSE,0,912,0,0.76,,,,Nuclear,11.98,,2030,40,8147000,0.35,FALSE,,,,,,,,0.3,0.3,,,,,0,0.8,FALSE,0,150843.7,8147000
JPN01-HydroConventional-2023active_exo,JPN01,,hydro-unspecified,hydro-unspecified,1249.81,0,FALSE,0,1249.81,0,1,,,,HydroConventional,0,,2023,40,5360942.3,0,FALSE,,,,,,,,1,1,,,,,0,1,FALSE,0,119374.2,5360942.3
JPN01-HydroConventional-2030_exo,JPN01,,hydro-unspecified,hydro-unspecified,146.6,0,FALSE,0,146.6,0,1,,,,HydroConventional,0,,2030,40,5360942.3,0,FALSE,,,,,,,,1,1,,,,,0,1,FALSE,0,119374.2,5360942.3
JPN01-Biomass-2023active_exo,JPN01,,biomass-unspecified,biomass-unspecified,419.39,0,FALSE,0,419.39,0,1,,,,Biomass,225.22,,2023,40,3096640.3,0.17,FALSE,,,,,,,,1,1,,,,,0.125,1,FALSE,0,341755.2,3096640.3
JPN01-Biomass-2030_endo,JPN01,,biomass-unspecified,biomass-unspecified,0,0,TRUE,0,180,0,1,,,,Biomass,225.22,,2030,40,3096640.3,0.17,FALSE,,,,,,,,1,1,,,,,0.125,1,FALSE,0,341755.2,3096640.3
JPN01-Biomass-2030_exo,JPN01,,biomass-unspecified,biomass-unspecified,360,0,FALSE,0,360,0,1,,,,Biomass,225.22,,2030,40,3096640.3,0.17,FALSE,,,,,,,,1,1,,,,,0.125,1,FALSE,0,341755.2,3096640.3
JPN01-Geothermal-2023active_exo,JPN01,,geothermal-unspecified,geothermal-unspecified,36.05,0,FALSE,0,36.05,0,1,,,,Geothermal,0,,2023,40,6175057.2,0,FALSE,,,,,,,,1,1,,,,,0,0.6,FALSE,0,234905.7,6175057.2
JPN01-Geothermal-2030_endo,JPN01,,geothermal-unspecified,geothermal-unspecified,0,0,TRUE,0,4.4,0,1,,,,Geothermal,0,,2030,40,6175057.2,0,FALSE,,,,,,,,1,1,,,,,0,0.6,FALSE,0,234905.7,6175057.2
JPN01-Geothermal-2030_exo,JPN01,,geothermal-unspecified,geothermal-unspecified,8.8,0,FALSE,0,8.8,0,1,,,,Geothermal,0,,2030,40,6175057.2,0,FALSE,,,,,,,,1,1,,,,,0,0.6,FALSE,0,234905.7,6175057.2
JPN01-SolarGrid-2023active_exo,JPN01,,solar-unspecified,solar-unspecified,2187.17,0,FALSE,0,2187.17,0,1,,,,SolarGrid,0,,2023,20,1238912.4,0,FALSE,,,,,,,,1,1,,,,,0,1,FALSE,0,33090.6,1238912.4
JPN01-SolarGrid-2030_endo,JPN01,,solar-unspecified,solar-unspecified,0,0,TRUE,0,316,0,1,,,,SolarGrid,0,,2030,20,1238912.4,0,FALSE,,,,,,,,1,1,,,,,0,1,FALSE,0,33090.6,1238912.4
JPN01-SolarGrid-2030_exo,JPN01,,solar-unspecified,solar-unspecified,444.9714286,0,FALSE,0,444.9714286,0,1,,,,SolarGrid,0,,2030,20,1238912.4,0,FALSE,,,,,,,,1,1,,,,,0,1,FALSE,0,33090.6,1238912.4
JPN01-OffshoreWind-2023active_exo,JPN01,,offshorewind-unspecified,offshorewind-unspecified,0,0,FALSE,0,0,0,1,,,,OffshoreWind,0,,2023,25,3272598.7,0,FALSE,,,,,,,,1,1,,,,,0,1,FALSE,0,120817.5,3272598.7
JPN01-OffshoreWind-2030_endo,JPN01,,offshorewind-unspecified,offshorewind-unspecified,0,0,TRUE,0,0,0,1,,,,OffshoreWind,0,,2030,25,3272598.7,0,FALSE,,,,,,,,1,1,,,,,0,1,FALSE,0,120817.5,3272598.7
JPN01-OffshoreWind-2030_exo,JPN01,,offshorewind-unspecified,offshorewind-unspecified,112,0,FALSE,0,185.7,0,1,,,,OffshoreWind,0,,2030,25,3272598.7,0,FALSE,,,,,,,,1,1,,,,,0,1,FALSE,0,120817.5,3272598.7
JPN01-OnshoreWind-2023active_exo,JPN01,,onshorewind-unspecified,onshorewind-unspecified,690,0,FALSE,0,690,0,1,,,,OnshoreWind,0,,2023,25,2472766.4,0,FALSE,,,,,,,,1,1,,,,,0,1,FALSE,0,79362.5,2472766.4
JPN01-OnshoreWind-2030_endo,JPN01,,onshorewind-unspecified,onshorewind-unspecified,0,0,TRUE,0,2315,0,1,,,,OnshoreWind,0,,2030,25,2472766.4,0,FALSE,,,,,,,,1,1,,,,,0,1,FALSE,0,79362.5,2472766.4
JPN01-OnshoreWind-2030_exo,JPN01,,onshorewind-unspecified,onshorewind-unspecified,1143.114286,0,FALSE,0,1143.114286,0,1,,,,OnshoreWind,0,,2030,25,2472766.4,0,FALSE,,,,,,,,1,1,,,,,0,1,FALSE,0,79362.5,2472766.4
JPN01-BlueH2-2030_exo,JPN01,,blending-blueH2-gas-unspecified,blending-blueH2-gas-unspecified,0,0,FALSE,0,0,0,1,,,,BlueH2,68.849,,2030,40,2101654.82,0.55,FALSE,,,,,,,,1,1,,,,,0,0.7,TRUE,0.1,76835.99,2101654.82
JPN01-BlueH2_Gas-2030_exo,JPN01,,blending-blueH2-gas-unspecified,blending-blueH2-gas-unspecified,0,0,FALSE,0,0,0,1,,,,BlueH2_Gas,68.849,,2030,40,2101654.82,0.55,FALSE,,,,,,,,1,1,,,,,0,0.7,TRUE,0.9,76835.99,2101654.82
JPN01-BlueNH3-2030_exo,JPN01,,blending-blueNH3-coal-unspecified,blending-blueNH3-coal-unspecified,140,0,FALSE,0,140,0,1,,,,BlueNH3,77.056,,2030,40,2357451.5,0.38,FALSE,,,,,,,,1,1,,,,,0,0.7,TRUE,0.2,99710.45,2357451.5
JPN01-BlueNH3_Coal-2030_exo,JPN01,,blending-blueNH3-coal-unspecified,blending-blueNH3-coal-unspecified,560,0,FALSE,0,560,0,1,,,,BlueNH3_Coal,77.056,,2030,40,2357451.5,0.38,FALSE,,,,,,,,1,1,,,,,0,0.7,TRUE,0.8,99710.45,2357451.5
JPN01-GasCCSLeaked-2030_exo,JPN01,,gas-CCS-unspecified,gas-CCS-unspecified,75,0,FALSE,0,75,0,1,,,,GasCCSLeaked,88.123,,2030,30,3351253,0.46,FALSE,,,,,,,,1,1,,,,,0,0.7,TRUE,0.3,124330.37,3351253
JPN01-GasCCSSequestered-2030_exo,JPN01,,gas-CCS-unspecified,gas-CCS-unspecified,175,0,FALSE,0,175,0,1,,,,GasCCSSequestered,88.123,,2030,30,3351253,0.46,FALSE,,,,,,,,1,1,,,,,0,0.7,TRUE,0.7,124330.37,3351253
JPN01-BlueH2-2030_endo,JPN01,,blending-blueH2-gas-unspecified,blending-blueH2-gas-unspecified,0,0,TRUE,0,inf,0,1,,,,BlueH2,68.849,,2030,40,2101654.82,0.55,FALSE,,,,,,,,1,1,,,,,0,0.7,TRUE,0.1,76835.99,2101654.82
JPN01-BlueH2_Gas-2030_endo,JPN01,,blending-blueH2-gas-unspecified,blending-blueH2-gas-unspecified,0,0,TRUE,0,inf,0,1,,,,BlueH2_Gas,68.849,,2030,40,2101654.82,0.55,FALSE,,,,,,,,1,1,,,,,0,0.7,TRUE,0.9,76835.99,2101654.82
JPN01-BlueNH3-2030_endo,JPN01,,blending-blueNH3-coal-unspecified,blending-blueNH3-coal-unspecified,0,0,TRUE,0,inf,0,1,,,,BlueNH3,77.056,,2030,40,2357451.5,0.38,FALSE,,,,,,,,1,1,,,,,0,0.7,TRUE,0.2,99710.45,2357451.5
JPN01-BlueNH3_Coal-2030_endo,JPN01,,blending-blueNH3-coal-unspecified,blending-blueNH3-coal-unspecified,0,0,TRUE,0,inf,0,1,,,,BlueNH3_Coal,77.056,,2030,40,2357451.5,0.38,FALSE,,,,,,,,1,1,,,,,0,0.7,TRUE,0.8,99710.45,2357451.5
JPN01-GasCCSLeaked-2030_endo,JPN01,,gas-CCS-unspecified,gas-CCS-unspecified,0,0,TRUE,0,inf,0,1,,,,GasCCSLeaked,88.123,,2030,30,3351253,0.46,FALSE,,,,,,,,1,1,,,,,0,0.7,TRUE,0.3,124330.37,3351253
JPN01-GasCCSSequestered-2030_endo,JPN01,,gas-CCS-unspecified,gas-CCS-unspecified,0,0,TRUE,0,inf,0,1,,,,GasCCSSequestered,88.123,,2030,30,3351253,0.46,FALSE,,,,,,,,1,1,,,,,0,0.7,TRUE,0.7,124330.37,3351253
JPN02-Coal-2023active_exo,JPN02,,coal-unspecified,coal-unspecified,4864.29,0,FALSE,0,4864.29,0,1,,,,Coal,40.9,,2023,40,2123830.2,0.36,FALSE,,,,,,,,0.7,0.85,,,,,0,0.86,FALSE,0,90645.9,2123830.2
JPN02-Coal-2030_endo,JPN02,,coal-unspecified,coal-unspecified,0,0,TRUE,0,0,0,1,,,,Coal,34.4,,2030,40,2123830.2,0.43,FALSE,,,,,,,,0.7,0.85,,,,,0,0.86,FALSE,0,90645.9,2123830.2
JPN02-Coal-2030_exo,JPN02,,coal-unspecified,coal-unspecified,0,0,FALSE,0,0,0,1,,,,Coal,34.4,,2030,40,2123830.2,0.43,FALSE,,,,,,,,0.7,0.85,,,,,0,0.86,FALSE,0,90645.9,2123830.2
JPN02-Gas-2023active_exo,JPN02,,gas-unspecified,gas-unspecified,5035.71,0,FALSE,0,5035.71,0,1,,,,Gas,63.29,,2023,40,2101654.8,0.5,FALSE,,,,,,,,1,1,,,,,0.13,0.56,FALSE,0,76836,2101654.8
JPN02-Gas-2030_endo,JPN02,,gas-unspecified,gas-unspecified,0,0,TRUE,0,1006.61,0,1,,,,Gas,57.86,,2030,40,2101654.8,0.55,FALSE,,,,,,,,1,1,,,,,0.13,0.56,FALSE,0,76836,2101654.8
JPN02-Gas-2030_exo,JPN02,,gas-unspecified,gas-unspecified,716.37,0,FALSE,0,716.37,0,1,,,,Gas,57.86,,2030,40,2101654.8,0.55,FALSE,,,,,,,,1,1,,,,,0.13,0.56,FALSE,0,76836,2101654.8
JPN02-Oil-2023active_exo,JPN02,,oil-unspecified,oil-unspecified,514.29,0,FALSE,0,514.29,0,1,,,,Oil,171.07,,2023,30,2292758.4,0.29,FALSE,,,,,,,,1,1,,,,,0,1,FALSE,0,64108.6,2292758.4
JPN02-Oil-2030_endo,JPN02,,oil-unspecified,oil-unspecified,0,0,TRUE,0,0,0,1,,,,Oil,125.35,,2030,30,2292758.4,0.39,FALSE,,,,,,,,1,1,,,,,0,1,FALSE,0,64108.6,2292758.4
JPN02-Oil-2030_exo,JPN02,,oil-unspecified,oil-unspecified,0,0,FALSE,0,0,0,1,,,,Oil,125.35,,2030,30,2292758.4,0.39,FALSE,,,,,,,,1,1,,,,,0,1,FALSE,0,64108.6,2292758.4
JPN02-Nuclear-2023active_exo,JPN02,,nuclear-unspecified,nuclear-unspecified,0,0,FALSE,0,0,0,0.76,,,,Nuclear,11.98,,2023,40,8147000,0.35,FALSE,,,,,,,,0.3,0.3,,,,,0,0.8,FALSE,0,150843.7,8147000
JPN02-Nuclear-2030_exo,JPN02,,nuclear-unspecified,nuclear-unspecified,2208,0,FALSE,0,2208,0,0.76,,,,Nuclear,11.98,,2030,40,8147000,0.35,FALSE,,,,,,,,0.3,0.3,,,,,0,0.8,FALSE,0,150843.7,8147000
JPN02-HydroConventional-2023active_exo,JPN02,,hydro-unspecified,hydro-unspecified,1950,0,FALSE,0,1950,0,1,,,,HydroConventional,0,,2023,40,5360942.3,0,FALSE,,,,,,,,1,1,,,,,0,1,FALSE,0,119374.2,5360942.3
JPN02-HydroConventional-2030_exo,JPN02,,hydro-unspecified,hydro-unspecified,194.5,0,FALSE,0,194.5,0,1,,,,HydroConventional,0,,2030,40,5360942.3,0,FALSE,,,,,,,,1,1,,,,,0,1,FALSE,0,119374.2,5360942.3
JPN02-Biomass-2023active_exo,JPN02,,biomass-unspecified,biomass-unspecified,839,0,FALSE,0,839,0,1,,,,Biomass,225.22,,2023,40,3096640.3,0.17,FALSE,,,,,,,,1,1,,,,,0.125,1,FALSE,0,341755.2,3096640.3
JPN02-Biomass-2030_endo,JPN02,,biomass-unspecified,biomass-unspecified,0,0,TRUE,0,454.9,0,1,,,,Biomass,225.22,,2030,40,3096640.3,0.17,FALSE,,,,,,,,1,1,,,,,0.125,1,FALSE,0,341755.2,3096640.3
JPN02-Biomass-2030_exo,JPN02,,biomass-unspecified,biomass-unspecified,909.8,0,FALSE,0,909.8,0,1,,,,Biomass,225.22,,2030,40,3096640.3,0.17,FALSE,,,,,,,,1,1,,,,,0.125,1,FALSE,0,341755.2,3096640.3
JPN02-Geothermal-2023active_exo,JPN02,,geothermal-unspecified,geothermal-unspecified,54,0,FALSE,0,54,0,1,,,,Geothermal,0,,2023,40,6175057.2,0,FALSE,,,,,,,,1,1,,,,,0,0.6,FALSE,0,234905.7,6175057.2
JPN02-Geothermal-2030_endo,JPN02,,geothermal-unspecified,geothermal-unspecified,0,0,TRUE,0,42.35,0,1,,,,Geothermal,0,,2030,40,6175057.2,0,FALSE,,,,,,,,1,1,,,,,0,0.6,FALSE,0,234905.7,6175057.2
JPN02-Geothermal-2030_exo,JPN02,,geothermal-unspecified,geothermal-unspecified,84.7,0,FALSE,0,84.7,0,1,,,,Geothermal,0,,2030,40,6175057.2,0,FALSE,,,,,,,,1,1,,,,,0,0.6,FALSE,0,234905.7,6175057.2
JPN02-SolarGrid-2023active_exo,JPN02,,solar-unspecified,solar-unspecified,5281,0,FALSE,0,5281,0,1,,,,SolarGrid,0,,2023,20,1238912.4,0,FALSE,,,,,,,,1,1,,,,,0,1,FALSE,0,33090.6,1238912.4
JPN02-SolarGrid-2030_endo,JPN02,,solar-unspecified,solar-unspecified,0,0,TRUE,0,899,0,1,,,,SolarGrid,0,,2030,20,1238912.4,0,FALSE,,,,,,,,1,1,,,,,0,1,FALSE,0,33090.6,1238912.4
JPN02-SolarGrid-2030_exo,JPN02,,solar-unspecified,solar-unspecified,2391.3,0,FALSE,0,2391.3,0,1,,,,SolarGrid,0,,2030,20,1238912.4,0,FALSE,,,,,,,,1,1,,,,,0,1,FALSE,0,33090.6,1238912.4
JPN02-OffshoreWind-2023active_exo,JPN02,,offshorewind-unspecified,offshorewind-unspecified,0,0,FALSE,0,0,0,1,,,,OffshoreWind,0,,2023,25,3272598.7,0,FALSE,,,,,,,,1,1,,,,,0,1,FALSE,0,120817.5,3272598.7
JPN02-OffshoreWind-2030_endo,JPN02,,offshorewind-unspecified,offshorewind-unspecified,0,0,TRUE,0,0,0,1,,,,OffshoreWind,0,,2030,25,3272598.7,0,FALSE,,,,,,,,1,1,,,,,0,1,FALSE,0,120817.5,3272598.7
JPN02-OffshoreWind-2030_exo,JPN02,,offshorewind-unspecified,offshorewind-unspecified,1992,0,FALSE,0,1992,0,1,,,,OffshoreWind,0,,2030,25,3272598.7,0,FALSE,,,,,,,,1,1,,,,,0,1,FALSE,0,120817.5,3272598.7
JPN02-OnshoreWind-2023active_exo,JPN02,,onshorewind-unspecified,onshorewind-unspecified,1350,0,FALSE,0,1350,0,1,,,,OnshoreWind,0,,2023,25,2472766.4,0,FALSE,,,,,,,,1,1,,,,,0,1,FALSE,0,79362.5,2472766.4
JPN02-OnshoreWind-2030_endo,JPN02,,onshorewind-unspecified,onshorewind-unspecified,0,0,TRUE,0,9507,0,1,,,,OnshoreWind,0,,2030,25,2472766.4,0,FALSE,,,,,,,,1,1,,,,,0,1,FALSE,0,79362.5,2472766.4
JPN02-OnshoreWind-2030_exo,JPN02,,onshorewind-unspecified,onshorewind-unspecified,1338.028571,0,FALSE,0,1338.03,0,1,,,,OnshoreWind,0,,2030,25,2472766.4,0,FALSE,,,,,,,,1,1,,,,,0,1,FALSE,0,79362.5,2472766.4
JPN02-BlueH2-2030_exo,JPN02,,blending-blueH2-gas-unspecified,blending-blueH2-gas-unspecified,0,0,FALSE,0,0,0,1,,,,BlueH2,68.849,,2030,40,2101654.82,0.55,FALSE,,,,,,,,1,1,,,,,0,0.7,TRUE,0.1,76835.99,2101654.82
JPN02-BlueH2_Gas-2030_exo,JPN02,,blending-blueH2-gas-unspecified,blending-blueH2-gas-unspecified,0,0,FALSE,0,0,0,1,,,,BlueH2_Gas,68.849,,2030,40,2101654.82,0.55,FALSE,,,,,,,,1,1,,,,,0,0.7,TRUE,0.9,76835.99,2101654.82
JPN02-BlueNH3-2030_exo,JPN02,,blending-blueNH3-coal-unspecified,blending-blueNH3-coal-unspecified,0,0,FALSE,0,0,0,1,,,,BlueNH3,77.056,,2030,40,2357451.5,0.38,FALSE,,,,,,,,1,1,,,,,0,0.7,TRUE,0.2,99710.45,2357451.5
JPN02-BlueNH3_Coal-2030_exo,JPN02,,blending-blueNH3-coal-unspecified,blending-blueNH3-coal-unspecified,0,0,FALSE,0,0,0,1,,,,BlueNH3_Coal,77.056,,2030,40,2357451.5,0.38,FALSE,,,,,,,,1,1,,,,,0,0.7,TRUE,0.8,99710.45,2357451.5
JPN02-GasCCSLeaked-2030_exo,JPN02,,gas-CCS-unspecified,gas-CCS-unspecified,0,0,FALSE,0,0,0,1,,,,GasCCSLeaked,88.123,,2030,30,3351253,0.46,FALSE,,,,,,,,1,1,,,,,0,0.7,TRUE,0.3,124330.37,3351253
JPN02-GasCCSSequestered-2030_exo,JPN02,,gas-CCS-unspecified,gas-CCS-unspecified,0,0,FALSE,0,0,0,1,,,,GasCCSSequestered,88.123,,2030,30,3351253,0.46,FALSE,,,,,,,,1,1,,,,,0,0.7,TRUE,0.7,124330.37,3351253
JPN02-BlueH2-2030_endo,JPN02,,blending-blueH2-gas-unspecified,blending-blueH2-gas-unspecified,0,0,TRUE,0,inf,0,1,,,,BlueH2,68.849,,2030,40,2101654.82,0.55,FALSE,,,,,,,,1,1,,,,,0,0.7,TRUE,0.1,76835.99,2101654.82
JPN02-BlueH2_Gas-2030_endo,JPN02,,blending-blueH2-gas-unspecified,blending-blueH2-gas-unspecified,0,0,TRUE,0,inf,0,1,,,,BlueH2_Gas,68.849,,2030,40,2101654.82,0.55,FALSE,,,,,,,,1,1,,,,,0,0.7,TRUE,0.9,76835.99,2101654.82
JPN02-BlueNH3-2030_endo,JPN02,,blending-blueNH3-coal-unspecified,blending-blueNH3-coal-unspecified,0,0,TRUE,0,inf,0,1,,,,BlueNH3,77.056,,2030,40,2357451.5,0.38,FALSE,,,,,,,,1,1,,,,,0,0.7,TRUE,0.2,99710.45,2357451.5
JPN02-BlueNH3_Coal-2030_endo,JPN02,,blending-blueNH3-coal-unspecified,blending-blueNH3-coal-unspecified,0,0,TRUE,0,inf,0,1,,,,BlueNH3_Coal,77.056,,2030,40,2357451.5,0.38,FALSE,,,,,,,,1,1,,,,,0,0.7,TRUE,0.8,99710.45,2357451.5
JPN02-GasCCSLeaked-2030_endo,JPN02,,gas-CCS-unspecified,gas-CCS-unspecified,0,0,TRUE,0,inf,0,1,,,,GasCCSLeaked,88.123,,2030,30,3351253,0.46,FALSE,,,,,,,,1,1,,,,,0,0.7,TRUE,0.3,124330.37,3351253
JPN02-GasCCSSequestered-2030_endo,JPN02,,gas-CCS-unspecified,gas-CCS-unspecified,0,0,TRUE,0,inf,0,1,,,,GasCCSSequestered,88.123,,2030,30,3351253,0.46,FALSE,,,,,,,,1,1,,,,,0,0.7,TRUE,0.7,124330.37,3351253
JPN03-Coal-2023active_exo,JPN03,,coal-unspecified,coal-unspecified,8205.62,0,FALSE,0,8205.62,0,1,,,,Coal,40.9,,2023,40,2123830.2,0.36,FALSE,,,,,,,,0.7,0.85,,,,,0,0.9,FALSE,0,90645.9,2123830.2
JPN03-Coal-2030_endo,JPN03,,coal-unspecified,coal-unspecified,0,0,TRUE,0,0,0,1,,,,Coal,34.4,,2030,40,2123830.2,0.43,FALSE,,,,,,,,0.7,0.85,,,,,0,0.9,FALSE,0,90645.9,2123830.2
JPN03-Coal-2030_exo,JPN03,,coal-unspecified,coal-unspecified,0,0,FALSE,0,0,0,1,,,,Coal,34.4,,2030,40,2123830.2,0.43,FALSE,,,,,,,,0.7,0.85,,,,,0,0.9,FALSE,0,90645.9,2123830.2
JPN03-Gas-2023active_exo,JPN03,,gas-unspecified,gas-unspecified,32914.69,0,FALSE,0,32914.69,0,1,,,,Gas,63.29,,2023,40,2101654.8,0.5,FALSE,,,,,,,,1,1,,,,,0.13,0.56,FALSE,0,76836,2101654.8
JPN03-Gas-2030_endo,JPN03,,gas-unspecified,gas-unspecified,0,0,TRUE,0,5980.89,0,1,,,,Gas,57.86,,2030,40,2101654.8,0.55,FALSE,,,,,,,,1,1,,,,,0.13,0.56,FALSE,0,76836,2101654.8
JPN03-Gas-2030_exo,JPN03,,gas-unspecified,gas-unspecified,1261.83,0,FALSE,0,1261.83,0,1,,,,Gas,57.86,,2030,40,2101654.8,0.55,FALSE,,,,,,,,1,1,,,,,0.13,0.56,FALSE,0,76836,2101654.8
JPN03-Oil-2023active_exo,JPN03,,oil-unspecified,oil-unspecified,6085.07,0,FALSE,0,6085.07,0,1,,,,Oil,171.07,,2023,30,2292758.4,0.29,FALSE,,,,,,,,1,1,,,,,0,1,FALSE,0,64108.6,2292758.4
JPN03-Oil-2030_endo,JPN03,,oil-unspecified,oil-unspecified,0,0,TRUE,0,0,0,1,,,,Oil,125.35,,2030,30,2292758.4,0.39,FALSE,,,,,,,,1,1,,,,,0,1,FALSE,0,64108.6,2292758.4
JPN03-Oil-2030_exo,JPN03,,oil-unspecified,oil-unspecified,0,0,FALSE,0,0,0,1,,,,Oil,125.35,,2030,30,2292758.4,0.39,FALSE,,,,,,,,1,1,,,,,0,1,FALSE,0,64108.6,2292758.4
JPN03-Nuclear-2023active_exo,JPN03,,nuclear-unspecified,nuclear-unspecified,0,0,FALSE,0,0,0,0.76,,,,Nuclear,11.98,,2023,40,8147000,0.35,FALSE,,,,,,,,0.3,0.3,,,,,0,0.8,FALSE,0,150843.7,8147000
JPN03-Nuclear-2030_exo,JPN03,,nuclear-unspecified,nuclear-unspecified,3812,0,FALSE,0,3812,0,0.76,,,,Nuclear,11.98,,2030,40,8147000,0.35,FALSE,,,,,,,,0.3,0.3,,,,,0,0.8,FALSE,0,150843.7,8147000
JPN03-HydroConventional-2023active_exo,JPN03,,hydro-unspecified,hydro-unspecified,4148.91,0,FALSE,0,4148.91,0,1,,,,HydroConventional,0,,2023,40,5360942.3,0,FALSE,,,,,,,,1,1,,,,,0,1,FALSE,0,119374.2,5360942.3
JPN03-HydroConventional-2030_exo,JPN03,,hydro-unspecified,hydro-unspecified,198.4,0,FALSE,0,198.4,0,1,,,,HydroConventional,0,,2030,40,5360942.3,0,FALSE,,,,,,,,1,1,,,,,0,1,FALSE,0,119374.2,5360942.3
JPN03-Biomass-2023active_exo,JPN03,,biomass-unspecified,biomass-unspecified,2697,0,FALSE,0,2697,0,1,,,,Biomass,225.22,,2023,40,3096640.3,0.17,FALSE,,,,,,,,1,1,,,,,0.125,1,FALSE,0,341755.2,3096640.3
JPN03-Biomass-2030_endo,JPN03,,biomass-unspecified,biomass-unspecified,0,0,TRUE,0,356.85,0,1,,,,Biomass,225.22,,2030,40,3096640.3,0.17,FALSE,,,,,,,,1,1,,,,,0.125,1,FALSE,0,341755.2,3096640.3
JPN03-Biomass-2030_exo,JPN03,,biomass-unspecified,biomass-unspecified,713.7,0,FALSE,0,713.7,0,1,,,,Biomass,225.22,,2030,40,3096640.3,0.17,FALSE,,,,,,,,1,1,,,,,0.125,1,FALSE,0,341755.2,3096640.3
JPN03-Geothermal-2023active_exo,JPN03,,geothermal-unspecified,geothermal-unspecified,93.4,0,FALSE,0,93.4,0,1,,,,Geothermal,0,,2023,40,6175057.2,0,FALSE,,,,,,,,1,1,,,,,0,0.6,FALSE,0,234905.7,6175057.2
JPN03-Geothermal-2030_endo,JPN03,,geothermal-unspecified,geothermal-unspecified,0,0,TRUE,0,0,0,1,,,,Geothermal,0,,2030,40,6175057.2,0,FALSE,,,,,,,,1,1,,,,,0,0.6,FALSE,0,234905.7,6175057.2
JPN03-Geothermal-2030_exo,JPN03,,geothermal-unspecified,geothermal-unspecified,0,0,FALSE,0,0,0,1,,,,Geothermal,0,,2030,40,6175057.2,0,FALSE,,,,,,,,1,1,,,,,0,0.6,FALSE,0,234905.7,6175057.2
JPN03-SolarGrid-2023active_exo,JPN03,,solar-unspecified,solar-unspecified,18255.21,0,FALSE,0,18255.21,0,1,,,,SolarGrid,0,,2023,20,1238912.4,0,FALSE,,,,,,,,1,1,,,,,0,1,FALSE,0,33090.6,1238912.4
JPN03-SolarGrid-2030_endo,JPN03,,solar-unspecified,solar-unspecified,0,0,TRUE,0,2297,0,1,,,,SolarGrid,0,,2030,20,1238912.4,0,FALSE,,,,,,,,1,1,,,,,0,1,FALSE,0,33090.6,1238912.4
JPN03-SolarGrid-2030_exo,JPN03,,solar-unspecified,solar-unspecified,4035.085714,0,FALSE,0,4035.09,0,1,,,,SolarGrid,0,,2030,20,1238912.4,0,FALSE,,,,,,,,1,1,,,,,0,1,FALSE,0,33090.6,1238912.4
JPN03-OffshoreWind-2023active_exo,JPN03,,offshorewind-unspecified,offshorewind-unspecified,0,0,FALSE,0,0,0,1,,,,OffshoreWind,0,,2023,25,3272598.7,0,FALSE,,,,,,,,1,1,,,,,0,1,FALSE,0,120817.5,3272598.7
JPN03-OffshoreWind-2030_endo,JPN03,,offshorewind-unspecified,offshorewind-unspecified,0,0,TRUE,0,0,0,1,,,,OffshoreWind,0,,2030,25,3272598.7,0,FALSE,,,,,,,,1,1,,,,,0,1,FALSE,0,120817.5,3272598.7
JPN03-OffshoreWind-2030_exo,JPN03,,offshorewind-unspecified,offshorewind-unspecified,823,0,FALSE,0,823,0,1,,,,OffshoreWind,0,,2030,25,3272598.7,0,FALSE,,,,,,,,1,1,,,,,0,1,FALSE,0,120817.5,3272598.7
JPN03-OnshoreWind-2023active_exo,JPN03,,onshorewind-unspecified,onshorewind-unspecified,368.79,0,FALSE,0,368.79,0,1,,,,OnshoreWind,0,,2023,25,2472766.4,0,FALSE,,,,,,,,1,1,,,,,0,1,FALSE,0,79362.5,2472766.4
JPN03-OnshoreWind-2030_endo,JPN03,,onshorewind-unspecified,onshorewind-unspecified,0,0,TRUE,0,301,0,1,,,,OnshoreWind,0,,2030,25,2472766.4,0,FALSE,,,,,,,,1,1,,,,,0,1,FALSE,0,79362.5,2472766.4
JPN03-OnshoreWind-2030_exo,JPN03,,onshorewind-unspecified,onshorewind-unspecified,2.314285714,0,FALSE,0,2.314285714,0,1,,,,OnshoreWind,0,,2030,25,2472766.4,0,FALSE,,,,,,,,1,1,,,,,0,1,FALSE,0,79362.5,2472766.4
JPN03-BlueH2-2030_exo,JPN03,,blending-blueH2-gas-unspecified,blending-blueH2-gas-unspecified,0,0,FALSE,0,0,0,1,,,,BlueH2,68.849,,2030,40,2101654.82,0.55,FALSE,,,,,,,,1,1,,,,,0,0.7,TRUE,0.1,76835.99,2101654.82
JPN03-BlueH2_Gas-2030_exo,JPN03,,blending-blueH2-gas-unspecified,blending-blueH2-gas-unspecified,0,0,FALSE,0,0,0,1,,,,BlueH2_Gas,68.849,,2030,40,2101654.82,0.55,FALSE,,,,,,,,1,1,,,,,0,0.7,TRUE,0.9,76835.99,2101654.82
JPN03-BlueNH3-2030_exo,JPN03,,blending-blueNH3-coal-unspecified,blending-blueNH3-coal-unspecified,0,0,FALSE,0,0,0,1,,,,BlueNH3,77.056,,2030,40,2357451.5,0.38,FALSE,,,,,,,,1,1,,,,,0,0.7,TRUE,0.2,99710.45,2357451.5
JPN03-BlueNH3_Coal-2030_exo,JPN03,,blending-blueNH3-coal-unspecified,blending-blueNH3-coal-unspecified,0,0,FALSE,0,0,0,1,,,,BlueNH3_Coal,77.056,,2030,40,2357451.5,0.38,FALSE,,,,,,,,1,1,,,,,0,0.7,TRUE,0.8,99710.45,2357451.5
JPN03-GasCCSLeaked-2030_exo,JPN03,,gas-CCS-unspecified,gas-CCS-unspecified,0,0,FALSE,0,0,0,1,,,,GasCCSLeaked,88.123,,2030,30,3351253,0.46,FALSE,,,,,,,,1,1,,,,,0,0.7,TRUE,0.3,124330.37,3351253
JPN03-GasCCSSequestered-2030_exo,JPN03,,gas-CCS-unspecified,gas-CCS-unspecified,0,0,FALSE,0,0,0,1,,,,GasCCSSequestered,88.123,,2030,30,3351253,0.46,FALSE,,,,,,,,1,1,,,,,0,0.7,TRUE,0.7,124330.37,3351253
JPN03-BlueH2-2030_endo,JPN03,,blending-blueH2-gas-unspecified,blending-blueH2-gas-unspecified,0,0,TRUE,0,inf,0,1,,,,BlueH2,68.849,,2030,40,2101654.82,0.55,FALSE,,,,,,,,1,1,,,,,0,0.7,TRUE,0.1,76835.99,2101654.82
JPN03-BlueH2_Gas-2030_endo,JPN03,,blending-blueH2-gas-unspecified,blending-blueH2-gas-unspecified,0,0,TRUE,0,inf,0,1,,,,BlueH2_Gas,68.849,,2030,40,2101654.82,0.55,FALSE,,,,,,,,1,1,,,,,0,0.7,TRUE,0.9,76835.99,2101654.82
JPN03-BlueNH3-2030_endo,JPN03,,blending-blueNH3-coal-unspecified,blending-blueNH3-coal-unspecified,0,0,TRUE,0,inf,0,1,,,,BlueNH3,77.056,,2030,40,2357451.5,0.38,FALSE,,,,,,,,1,1,,,,,0,0.7,TRUE,0.2,99710.45,2357451.5
JPN03-BlueNH3_Coal-2030_endo,JPN03,,blending-blueNH3-coal-unspecified,blending-blueNH3-coal-unspecified,0,0,TRUE,0,inf,0,1,,,,BlueNH3_Coal,77.056,,2030,40,2357451.5,0.38,FALSE,,,,,,,,1,1,,,,,0,0.7,TRUE,0.8,99710.45,2357451.5
JPN03-GasCCSLeaked-2030_endo,JPN03,,gas-CCS-unspecified,gas-CCS-unspecified,0,0,TRUE,0,inf,0,1,,,,GasCCSLeaked,88.123,,2030,30,3351253,0.46,FALSE,,,,,,,,1,1,,,,,0,0.7,TRUE,0.3,124330.37,3351253
JPN03-GasCCSSequestered-2030_endo,JPN03,,gas-CCS-unspecified,gas-CCS-unspecified,0,0,TRUE,0,inf,0,1,,,,GasCCSSequestered,88.123,,2030,30,3351253,0.46,FALSE,,,,,,,,1,1,,,,,0,0.7,TRUE,0.7,124330.37,3351253
JPN04-Coal-2023active_exo,JPN04,,coal-unspecified,coal-unspecified,4473.09,0,FALSE,0,4473.09,0,1,,,,Coal,40.9,,2023,40,2123830.2,0.36,FALSE,,,,,,,,0.7,0.85,,,,,0,0.71,FALSE,0,90645.9,2123830.2
JPN04-Coal-2030_endo,JPN04,,coal-unspecified,coal-unspecified,0,0,TRUE,0,0,0,1,,,,Coal,34.4,,2030,40,2123830.2,0.43,FALSE,,,,,,,,0.7,0.85,,,,,0,0.71,FALSE,0,90645.9,2123830.2
JPN04-Coal-2030_exo,JPN04,,coal-unspecified,coal-unspecified,0,0,FALSE,0,0,0,1,,,,Coal,34.4,,2030,40,2123830.2,0.43,FALSE,,,,,,,,0.7,0.85,,,,,0,0.71,FALSE,0,90645.9,2123830.2
JPN04-Gas-2023active_exo,JPN04,,gas-unspecified,gas-unspecified,15552.42,0,FALSE,0,15552.42,0,1,,,,Gas,63.29,,2023,40,2101654.8,0.5,FALSE,,,,,,,,1,1,,,,,0.13,0.56,FALSE,0,76836,2101654.8
JPN04-Gas-2030_endo,JPN04,,gas-unspecified,gas-unspecified,0,0,TRUE,0,2986.63,0,1,,,,Gas,57.86,,2030,40,2101654.8,0.55,FALSE,,,,,,,,1,1,,,,,0.13,0.56,FALSE,0,76836,2101654.8
JPN04-Gas-2030_exo,JPN04,,gas-unspecified,gas-unspecified,1514.06,0,FALSE,0,1514.06,0,1,,,,Gas,57.86,,2030,40,2101654.8,0.55,FALSE,,,,,,,,1,1,,,,,0.13,0.56,FALSE,0,76836,2101654.8
JPN04-Oil-2023active_exo,JPN04,,oil-unspecified,oil-unspecified,1903.68,0,FALSE,0,1903.68,0,1,,,,Oil,171.07,,2023,30,2292758.4,0.29,FALSE,,,,,,,,1,1,,,,,0,1,FALSE,0,64108.6,2292758.4
JPN04-Oil-2030_endo,JPN04,,oil-unspecified,oil-unspecified,0,0,TRUE,0,0,0,1,,,,Oil,125.35,,2030,30,2292758.4,0.39,FALSE,,,,,,,,1,1,,,,,0,1,FALSE,0,64108.6,2292758.4
JPN04-Oil-2030_exo,JPN04,,oil-unspecified,oil-unspecified,0,0,FALSE,0,0,0,1,,,,Oil,125.35,,2030,30,2292758.4,0.39,FALSE,,,,,,,,1,1,,,,,0,1,FALSE,0,64108.6,2292758.4
JPN04-Nuclear-2023active_exo,JPN04,,nuclear-unspecified,nuclear-unspecified,0,0,FALSE,0,0,0,0.76,,,,Nuclear,11.98,,2023,40,8147000,0.35,FALSE,,,,,,,,0.3,0.3,,,,,0,0.8,FALSE,0,150843.7,8147000
JPN04-Nuclear-2030_exo,JPN04,,nuclear-unspecified,nuclear-unspecified,0,0,FALSE,0,0,0,0.76,,,,Nuclear,11.98,,2030,40,8147000,0.35,FALSE,,,,,,,,0.3,0.3,,,,,0,0.8,FALSE,0,150843.7,8147000
JPN04-HydroConventional-2023active_exo,JPN04,,hydro-unspecified,hydro-unspecified,3045.89,0,FALSE,0,3045.89,0,1,,,,HydroConventional,0,,2023,40,5360942.3,0,FALSE,,,,,,,,1,1,,,,,0,1,FALSE,0,119374.2,5360942.3
JPN04-HydroConventional-2030_exo,JPN04,,hydro-unspecified,hydro-unspecified,179.8,0,FALSE,0,179.8,0,1,,,,HydroConventional,0,,2030,40,5360942.3,0,FALSE,,,,,,,,1,1,,,,,0,1,FALSE,0,119374.2,5360942.3
JPN04-Biomass-2023active_exo,JPN04,,biomass-unspecified,biomass-unspecified,5617,0,FALSE,0,5617,0,1,,,,Biomass,225.22,,2023,40,3096640.3,0.17,FALSE,,,,,,,,1,1,,,,,0.125,1,FALSE,0,341755.2,3096640.3
JPN04-Biomass-2030_endo,JPN04,,biomass-unspecified,biomass-unspecified,0,0,TRUE,0,692.05,0,1,,,,Biomass,225.22,,2030,40,3096640.3,0.17,FALSE,,,,,,,,1,1,,,,,0.125,1,FALSE,0,341755.2,3096640.3
JPN04-Biomass-2030_exo,JPN04,,biomass-unspecified,biomass-unspecified,1384.1,0,FALSE,0,1384.1,0,1,,,,Biomass,225.22,,2030,40,3096640.3,0.17,FALSE,,,,,,,,1,1,,,,,0.125,1,FALSE,0,341755.2,3096640.3
JPN04-Geothermal-2023active_exo,JPN04,,geothermal-unspecified,geothermal-unspecified,45,0,FALSE,0,45,0,1,,,,Geothermal,0,,2023,40,6175057.2,0,FALSE,,,,,,,,1,1,,,,,0,0.6,FALSE,0,234905.7,6175057.2
JPN04-Geothermal-2030_endo,JPN04,,geothermal-unspecified,geothermal-unspecified,0,0,TRUE,0,1.15,0,1,,,,Geothermal,0,,2030,40,6175057.2,0,FALSE,,,,,,,,1,1,,,,,0,0.6,FALSE,0,234905.7,6175057.2
JPN04-Geothermal-2030_exo,JPN04,,geothermal-unspecified,geothermal-unspecified,2.3,0,FALSE,0,2.3,0,1,,,,Geothermal,0,,2030,40,6175057.2,0,FALSE,,,,,,,,1,1,,,,,0,0.6,FALSE,0,234905.7,6175057.2
JPN04-SolarGrid-2023active_exo,JPN04,,solar-unspecified,solar-unspecified,10993.78,0,FALSE,0,10993.78,0,1,,,,SolarGrid,0,,2023,20,1238912.4,0,FALSE,,,,,,,,1,1,,,,,0,1,FALSE,0,33090.6,1238912.4
JPN04-SolarGrid-2030_endo,JPN04,,solar-unspecified,solar-unspecified,0,0,TRUE,0,1624,0,1,,,,SolarGrid,0,,2030,20,1238912.4,0,FALSE,,,,,,,,1,1,,,,,0,1,FALSE,0,33090.6,1238912.4
JPN04-SolarGrid-2030_exo,JPN04,,solar-unspecified,solar-unspecified,2340.614286,0,FALSE,0,2340.614286,0,1,,,,SolarGrid,0,,2030,20,1238912.4,0,FALSE,,,,,,,,1,1,,,,,0,1,FALSE,0,33090.6,1238912.4
JPN04-OffshoreWind-2023active_exo,JPN04,,offshorewind-unspecified,offshorewind-unspecified,0,0,FALSE,0,0,0,1,,,,OffshoreWind,0,,2023,25,3272598.7,0,FALSE,,,,,,,,1,1,,,,,0,1,FALSE,0,120817.5,3272598.7
JPN04-OffshoreWind-2030_endo,JPN04,,offshorewind-unspecified,offshorewind-unspecified,0,0,TRUE,0,0,0,1,,,,OffshoreWind,0,,2030,25,3272598.7,0,FALSE,,,,,,,,1,1,,,,,0,1,FALSE,0,120817.5,3272598.7
JPN04-OffshoreWind-2030_exo,JPN04,,offshorewind-unspecified,offshorewind-unspecified,0,0,FALSE,0,0,0,1,,,,OffshoreWind,0,,2030,25,3272598.7,0,FALSE,,,,,,,,1,1,,,,,0,1,FALSE,0,120817.5,3272598.7
JPN04-OnshoreWind-2023active_exo,JPN04,,onshorewind-unspecified,onshorewind-unspecified,380.74,0,FALSE,0,380.74,0,1,,,,OnshoreWind,0,,2023,25,2472766.4,0,FALSE,,,,,,,,1,1,,,,,0,1,FALSE,0,79362.5,2472766.4
JPN04-OnshoreWind-2030_endo,JPN04,,onshorewind-unspecified,onshorewind-unspecified,0,0,TRUE,0,634,0,1,,,,OnshoreWind,0,,2030,25,2472766.4,0,FALSE,,,,,,,,1,1,,,,,0,1,FALSE,0,79362.5,2472766.4
JPN04-OnshoreWind-2030_exo,JPN04,,onshorewind-unspecified,onshorewind-unspecified,40.11428571,0,FALSE,0,40.11428571,0,1,,,,OnshoreWind,0,,2030,25,2472766.4,0,FALSE,,,,,,,,1,1,,,,,0,1,FALSE,0,79362.5,2472766.4
JPN04-BlueH2-2030_exo,JPN04,,blending-blueH2-gas-unspecified,blending-blueH2-gas-unspecified,120,0,FALSE,0,120,0,1,,,,BlueH2,68.849,,2030,40,2101654.82,0.55,FALSE,,,,,,,,1,1,,,,,0,0.7,TRUE,0.1,76835.99,2101654.82
JPN04-BlueH2_Gas-2030_exo,JPN04,,blending-blueH2-gas-unspecified,blending-blueH2-gas-unspecified,1080,0,FALSE,0,1080,0,1,,,,BlueH2_Gas,68.849,,2030,40,2101654.82,0.55,FALSE,,,,,,,,1,1,,,,,0,0.7,TRUE,0.9,76835.99,2101654.82
JPN04-BlueNH3-2030_exo,JPN04,,blending-blueNH3-coal-unspecified,blending-blueNH3-coal-unspecified,500,0,FALSE,0,500,0,1,,,,BlueNH3,134.005,,2030,40,2357451.5,0.38,FALSE,,,,,,,,1,1,,,,,0,0.7,TRUE,0.5,99710.45,2357451.5
JPN04-BlueNH3_Coal-2030_exo,JPN04,,blending-blueNH3-coal-unspecified,blending-blueNH3-coal-unspecified,500,0,FALSE,0,500,0,1,,,,BlueNH3_Coal,134.005,,2030,40,2357451.5,0.38,FALSE,,,,,,,,1,1,,,,,0,0.7,TRUE,0.5,99710.45,2357451.5
JPN04-GasCCSLeaked-2030_exo,JPN04,,gas-CCS-unspecified,gas-CCS-unspecified,0,0,FALSE,0,0,0,1,,,,GasCCSLeaked,88.123,,2030,30,3351253,0.46,FALSE,,,,,,,,1,1,,,,,0,0.7,TRUE,0.3,124330.37,3351253
JPN04-GasCCSSequestered-2030_exo,JPN04,,gas-CCS-unspecified,gas-CCS-unspecified,0,0,FALSE,0,0,0,1,,,,GasCCSSequestered,88.123,,2030,30,3351253,0.46,FALSE,,,,,,,,1,1,,,,,0,0.7,TRUE,0.7,124330.37,3351253
JPN04-BlueH2-2030_endo,JPN04,,blending-blueH2-gas-unspecified,blending-blueH2-gas-unspecified,0,0,TRUE,0,inf,0,1,,,,BlueH2,68.849,,2030,40,2101654.82,0.55,FALSE,,,,,,,,1,1,,,,,0,0.7,TRUE,0.1,76835.99,2101654.82
JPN04-BlueH2_Gas-2030_endo,JPN04,,blending-blueH2-gas-unspecified,blending-blueH2-gas-unspecified,0,0,TRUE,0,inf,0,1,,,,BlueH2_Gas,68.849,,2030,40,2101654.82,0.55,FALSE,,,,,,,,1,1,,,,,0,0.7,TRUE,0.9,76835.99,2101654.82
JPN04-BlueNH3-2030_endo,JPN04,,blending-blueNH3-coal-unspecified,blending-blueNH3-coal-unspecified,0,0,TRUE,0,inf,0,1,,,,BlueNH3,77.056,,2030,40,2357451.5,0.38,FALSE,,,,,,,,1,1,,,,,0,0.7,TRUE,0.2,99710.45,2357451.5
JPN04-BlueNH3_Coal-2030_endo,JPN04,,blending-blueNH3-coal-unspecified,blending-blueNH3-coal-unspecified,0,0,TRUE,0,inf,0,1,,,,BlueNH3_Coal,77.056,,2030,40,2357451.5,0.38,FALSE,,,,,,,,1,1,,,,,0,0.7,TRUE,0.8,99710.45,2357451.5
JPN04-GasCCSLeaked-2030_endo,JPN04,,gas-CCS-unspecified,gas-CCS-unspecified,0,0,TRUE,0,inf,0,1,,,,GasCCSLeaked,88.123,,2030,30,3351253,0.46,FALSE,,,,,,,,1,1,,,,,0,0.7,TRUE,0.3,124330.37,3351253
JPN04-GasCCSSequestered-2030_endo,JPN04,,gas-CCS-unspecified,gas-CCS-unspecified,0,0,TRUE,0,inf,0,1,,,,GasCCSSequestered,88.123,,2030,30,3351253,0.46,FALSE,,,,,,,,1,1,,,,,0,0.7,TRUE,0.7,124330.37,3351253
JPN05-Coal-2023active_exo,JPN05,,coal-unspecified,coal-unspecified,2941.75,0,FALSE,0,2941.75,0,1,,,,Coal,40.9,,2023,40,2123830.2,0.36,FALSE,,,,,,,,0.7,0.85,,,,,0,0.65,FALSE,0,90645.9,2123830.2
JPN05-Coal-2030_endo,JPN05,,coal-unspecified,coal-unspecified,0,0,TRUE,0,0,0,1,,,,Coal,34.4,,2030,40,2123830.2,0.43,FALSE,,,,,,,,0.7,0.85,,,,,0,0.65,FALSE,0,90645.9,2123830.2
JPN05-Coal-2030_exo,JPN05,,coal-unspecified,coal-unspecified,0,0,FALSE,0,0,0,1,,,,Coal,34.4,,2030,40,2123830.2,0.43,FALSE,,,,,,,,0.7,0.85,,,,,0,0.65,FALSE,0,90645.9,2123830.2
JPN05-Gas-2023active_exo,JPN05,,gas-unspecified,gas-unspecified,931.2,0,FALSE,0,931.2,0,1,,,,Gas,63.29,,2023,40,2101654.8,0.5,FALSE,,,,,,,,1,1,,,,,0.13,0.56,FALSE,0,76836,2101654.8
JPN05-Gas-2030_endo,JPN05,,gas-unspecified,gas-unspecified,0,0,TRUE,0,166.21,0,1,,,,Gas,57.86,,2030,40,2101654.8,0.55,FALSE,,,,,,,,1,1,,,,,0.13,0.56,FALSE,0,76836,2101654.8
JPN05-Gas-2030_exo,JPN05,,gas-unspecified,gas-unspecified,18.59,0,FALSE,0,18.59,0,1,,,,Gas,57.86,,2030,40,2101654.8,0.55,FALSE,,,,,,,,1,1,,,,,0.13,0.56,FALSE,0,76836,2101654.8
JPN05-Oil-2023active_exo,JPN05,,oil-unspecified,oil-unspecified,740.73,0,FALSE,0,740.73,0,1,,,,Oil,171.07,,2023,30,2292758.4,0.29,FALSE,,,,,,,,1,1,,,,,0,1,FALSE,0,64108.6,2292758.4
JPN05-Oil-2030_endo,JPN05,,oil-unspecified,oil-unspecified,0,0,TRUE,0,0,0,1,,,,Oil,125.35,,2030,30,2292758.4,0.39,FALSE,,,,,,,,1,1,,,,,0,1,FALSE,0,64108.6,2292758.4
JPN05-Oil-2030_exo,JPN05,,oil-unspecified,oil-unspecified,0,0,FALSE,0,0,0,1,,,,Oil,125.35,,2030,30,2292758.4,0.39,FALSE,,,,,,,,1,1,,,,,0,1,FALSE,0,64108.6,2292758.4
JPN05-Nuclear-2023active_exo,JPN05,,nuclear-unspecified,nuclear-unspecified,0,0,FALSE,0,0,0,0.76,,,,Nuclear,11.98,,2023,40,8147000,0.35,FALSE,,,,,,,,0.3,0.3,,,,,0,0.8,FALSE,0,150843.7,8147000
JPN05-Nuclear-2030_exo,JPN05,,nuclear-unspecified,nuclear-unspecified,0,0,FALSE,0,0,0,0.76,,,,Nuclear,11.98,,2030,40,8147000,0.35,FALSE,,,,,,,,0.3,0.3,,,,,0,0.8,FALSE,0,150843.7,8147000
JPN05-HydroConventional-2023active_exo,JPN05,,hydro-unspecified,hydro-unspecified,2560.8,0,FALSE,0,2560.8,0,1,,,,HydroConventional,0,,2023,40,5360942.3,0,FALSE,,,,,,,,1,1,,,,,0,1,FALSE,0,119374.2,5360942.3
JPN05-HydroConventional-2030_exo,JPN05,,hydro-unspecified,hydro-unspecified,36,0,FALSE,0,36,0,1,,,,HydroConventional,0,,2030,40,5360942.3,0,FALSE,,,,,,,,1,1,,,,,0,1,FALSE,0,119374.2,5360942.3
JPN05-Biomass-2023active_exo,JPN05,,biomass-unspecified,biomass-unspecified,141,0,FALSE,0,141,0,1,,,,Biomass,225.22,,2023,40,3096640.3,0.17,FALSE,,,,,,,,1,1,,,,,0.125,1,FALSE,0,341755.2,3096640.3
JPN05-Biomass-2030_endo,JPN05,,biomass-unspecified,biomass-unspecified,0,0,TRUE,0,27.4,0,1,,,,Biomass,225.22,,2030,40,3096640.3,0.17,FALSE,,,,,,,,1,1,,,,,0.125,1,FALSE,0,341755.2,3096640.3
JPN05-Biomass-2030_exo,JPN05,,biomass-unspecified,biomass-unspecified,54.8,0,FALSE,0,54.8,0,1,,,,Biomass,225.22,,2030,40,3096640.3,0.17,FALSE,,,,,,,,1,1,,,,,0.125,1,FALSE,0,341755.2,3096640.3
JPN05-Geothermal-2023active_exo,JPN05,,geothermal-unspecified,geothermal-unspecified,6.43,0,FALSE,0,6.43,0,1,,,,Geothermal,0,,2023,40,6175057.2,0,FALSE,,,,,,,,1,1,,,,,0,0.6,FALSE,0,234905.7,6175057.2
JPN05-Geothermal-2030_endo,JPN05,,geothermal-unspecified,geothermal-unspecified,0,0,TRUE,0,0,0,1,,,,Geothermal,0,,2030,40,6175057.2,0,FALSE,,,,,,,,1,1,,,,,0,0.6,FALSE,0,234905.7,6175057.2
JPN05-Geothermal-2030_exo,JPN05,,geothermal-unspecified,geothermal-unspecified,0,0,FALSE,0,0,0,1,,,,Geothermal,0,,2030,40,6175057.2,0,FALSE,,,,,,,,1,1,,,,,0,0.6,FALSE,0,234905.7,6175057.2
JPN05-SolarGrid-2023active_exo,JPN05,,solar-unspecified,solar-unspecified,1290.98,0,FALSE,0,1290.98,0,1,,,,SolarGrid,0,,2023,20,1238912.4,0,FALSE,,,,,,,,1,1,,,,,0,1,FALSE,0,33090.6,1238912.4
JPN05-SolarGrid-2030_endo,JPN05,,solar-unspecified,solar-unspecified,0,0,TRUE,0,159,0,1,,,,SolarGrid,0,,2030,20,1238912.4,0,FALSE,,,,,,,,1,1,,,,,0,1,FALSE,0,33090.6,1238912.4
JPN05-SolarGrid-2030_exo,JPN05,,solar-unspecified,solar-unspecified,201.5857143,0,FALSE,0,201.59,0,1,,,,SolarGrid,0,,2030,20,1238912.4,0,FALSE,,,,,,,,1,1,,,,,0,1,FALSE,0,33090.6,1238912.4
JPN05-OffshoreWind-2023active_exo,JPN05,,offshorewind-unspecified,offshorewind-unspecified,0,0,FALSE,0,0,0,1,,,,OffshoreWind,0,,2023,25,3272598.7,0,FALSE,,,,,,,,1,1,,,,,0,1,FALSE,0,120817.5,3272598.7
JPN05-OffshoreWind-2030_endo,JPN05,,offshorewind-unspecified,offshorewind-unspecified,0,0,TRUE,0,0,0,1,,,,OffshoreWind,0,,2030,25,3272598.7,0,FALSE,,,,,,,,1,1,,,,,0,1,FALSE,0,120817.5,3272598.7
JPN05-OffshoreWind-2030_exo,JPN05,,offshorewind-unspecified,offshorewind-unspecified,0,0,FALSE,0,6.4,0,1,,,,OffshoreWind,0,,2030,25,3272598.7,0,FALSE,,,,,,,,1,1,,,,,0,1,FALSE,0,120817.5,3272598.7
JPN05-OnshoreWind-2023active_exo,JPN05,,onshorewind-unspecified,onshorewind-unspecified,169.31,0,FALSE,0,169.31,0,1,,,,OnshoreWind,0,,2023,25,2472766.4,0,FALSE,,,,,,,,1,1,,,,,0,1,FALSE,0,79362.5,2472766.4
JPN05-OnshoreWind-2030_endo,JPN05,,onshorewind-unspecified,onshorewind-unspecified,0,0,TRUE,0,2207,0,1,,,,OnshoreWind,0,,2030,25,2472766.4,0,FALSE,,,,,,,,1,1,,,,,0,1,FALSE,0,79362.5,2472766.4
JPN05-OnshoreWind-2030_exo,JPN05,,onshorewind-unspecified,onshorewind-unspecified,12.42857143,0,FALSE,0,12.43,0,1,,,,OnshoreWind,0,,2030,25,2472766.4,0,FALSE,,,,,,,,1,1,,,,,0,1,FALSE,0,79362.5,2472766.4
JPN05-BlueH2-2030_exo,JPN05,,blending-blueH2-gas-unspecified,blending-blueH2-gas-unspecified,0,0,FALSE,0,0,0,1,,,,BlueH2,68.849,,2030,40,2101654.82,0.55,FALSE,,,,,,,,1,1,,,,,0,0.7,TRUE,0.1,76835.99,2101654.82
JPN05-BlueH2_Gas-2030_exo,JPN05,,blending-blueH2-gas-unspecified,blending-blueH2-gas-unspecified,0,0,FALSE,0,0,0,1,,,,BlueH2_Gas,68.849,,2030,40,2101654.82,0.55,FALSE,,,,,,,,1,1,,,,,0,0.7,TRUE,0.9,76835.99,2101654.82
JPN05-BlueNH3-2030_exo,JPN05,,blending-blueNH3-coal-unspecified,blending-blueNH3-coal-unspecified,0,0,FALSE,0,0,0,1,,,,BlueNH3,77.056,,2030,40,2357451.5,0.38,FALSE,,,,,,,,1,1,,,,,0,0.7,TRUE,0.2,99710.45,2357451.5
JPN05-BlueNH3_Coal-2030_exo,JPN05,,blending-blueNH3-coal-unspecified,blending-blueNH3-coal-unspecified,0,0,FALSE,0,0,0,1,,,,BlueNH3_Coal,77.056,,2030,40,2357451.5,0.38,FALSE,,,,,,,,1,1,,,,,0,0.7,TRUE,0.8,99710.45,2357451.5
JPN05-GasCCSLeaked-2030_exo,JPN05,,gas-CCS-unspecified,gas-CCS-unspecified,0,0,FALSE,0,0,0,1,,,,GasCCSLeaked,88.123,,2030,30,3351253,0.46,FALSE,,,,,,,,1,1,,,,,0,0.7,TRUE,0.3,124330.37,3351253
JPN05-GasCCSSequestered-2030_exo,JPN05,,gas-CCS-unspecified,gas-CCS-unspecified,0,0,FALSE,0,0,0,1,,,,GasCCSSequestered,88.123,,2030,30,3351253,0.46,FALSE,,,,,,,,1,1,,,,,0,0.7,TRUE,0.7,124330.37,3351253
JPN05-BlueH2-2030_endo,JPN05,,blending-blueH2-gas-unspecified,blending-blueH2-gas-unspecified,0,0,TRUE,0,inf,0,1,,,,BlueH2,68.849,,2030,40,2101654.82,0.55,FALSE,,,,,,,,1,1,,,,,0,0.7,TRUE,0.1,76835.99,2101654.82
JPN05-BlueH2_Gas-2030_endo,JPN05,,blending-blueH2-gas-unspecified,blending-blueH2-gas-unspecified,0,0,TRUE,0,inf,0,1,,,,BlueH2_Gas,68.849,,2030,40,2101654.82,0.55,FALSE,,,,,,,,1,1,,,,,0,0.7,TRUE,0.9,76835.99,2101654.82
JPN05-BlueNH3-2030_endo,JPN05,,blending-blueNH3-coal-unspecified,blending-blueNH3-coal-unspecified,0,0,TRUE,0,inf,0,1,,,,BlueNH3,77.056,,2030,40,2357451.5,0.38,FALSE,,,,,,,,1,1,,,,,0,0.7,TRUE,0.2,99710.45,2357451.5
JPN05-BlueNH3_Coal-2030_endo,JPN05,,blending-blueNH3-coal-unspecified,blending-blueNH3-coal-unspecified,0,0,TRUE,0,inf,0,1,,,,BlueNH3_Coal,77.056,,2030,40,2357451.5,0.38,FALSE,,,,,,,,1,1,,,,,0,0.7,TRUE,0.8,99710.45,2357451.5
JPN05-GasCCSLeaked-2030_endo,JPN05,,gas-CCS-unspecified,gas-CCS-unspecified,0,0,TRUE,0,inf,0,1,,,,GasCCSLeaked,88.123,,2030,30,3351253,0.46,FALSE,,,,,,,,1,1,,,,,0,0.7,TRUE,0.3,124330.37,3351253
JPN05-GasCCSSequestered-2030_endo,JPN05,,gas-CCS-unspecified,gas-CCS-unspecified,0,0,TRUE,0,inf,0,1,,,,GasCCSSequestered,88.123,,2030,30,3351253,0.46,FALSE,,,,,,,,1,1,,,,,0,0.7,TRUE,0.7,124330.37,3351253
JPN06-Coal-2023active_exo,JPN06,,coal-unspecified,coal-unspecified,3076.15,0,FALSE,0,3076.15,0,1,,,,Coal,40.9,,2023,40,2123830.2,0.36,FALSE,,,,,,,,0.7,0.85,,,,,0,0.9,FALSE,0,90645.9,2123830.2
JPN06-Coal-2030_endo,JPN06,,coal-unspecified,coal-unspecified,0,0,TRUE,0,0,0,1,,,,Coal,34.4,,2030,40,2123830.2,0.43,FALSE,,,,,,,,0.7,0.85,,,,,0,0.9,FALSE,0,90645.9,2123830.2
JPN06-Coal-2030_exo,JPN06,,coal-unspecified,coal-unspecified,0,0,FALSE,0,0,0,1,,,,Coal,34.4,,2030,40,2123830.2,0.43,FALSE,,,,,,,,0.7,0.85,,,,,0,0.9,FALSE,0,90645.9,2123830.2
JPN06-Gas-2023active_exo,JPN06,,gas-unspecified,gas-unspecified,9497.23,0,FALSE,0,9497.23,0,1,,,,Gas,63.29,,2023,40,2101654.8,0.5,FALSE,,,,,,,,1,1,,,,,0.13,0.56,FALSE,0,76836,2101654.8
JPN06-Gas-2030_endo,JPN06,,gas-unspecified,gas-unspecified,0,0,TRUE,0,2104.9,0,1,,,,Gas,57.86,,2030,40,2101654.8,0.55,FALSE,,,,,,,,1,1,,,,,0.13,0.56,FALSE,0,76836,2101654.8
JPN06-Gas-2030_exo,JPN06,,gas-unspecified,gas-unspecified,2530.79,0,FALSE,0,2530.79,0,1,,,,Gas,57.86,,2030,40,2101654.8,0.55,FALSE,,,,,,,,1,1,,,,,0.13,0.56,FALSE,0,76836,2101654.8
JPN06-Oil-2023active_exo,JPN06,,oil-unspecified,oil-unspecified,3269.54,0,FALSE,0,3269.54,0,1,,,,Oil,171.07,,2023,30,2292758.4,0.29,FALSE,,,,,,,,1,1,,,,,0,1,FALSE,0,64108.6,2292758.4
JPN06-Oil-2030_endo,JPN06,,oil-unspecified,oil-unspecified,0,0,TRUE,0,0,0,1,,,,Oil,125.35,,2030,30,2292758.4,0.39,FALSE,,,,,,,,1,1,,,,,0,1,FALSE,0,64108.6,2292758.4
JPN06-Oil-2030_exo,JPN06,,oil-unspecified,oil-unspecified,0,0,FALSE,0,0,0,1,,,,Oil,125.35,,2030,30,2292758.4,0.39,FALSE,,,,,,,,1,1,,,,,0,1,FALSE,0,64108.6,2292758.4
JPN06-Nuclear-2023active_exo,JPN06,,nuclear-unspecified,nuclear-unspecified,6578,0,FALSE,0,6578,0,0.76,,,,Nuclear,11.98,,2023,40,8147000,0.35,FALSE,,,,,,,,0.3,0.3,,,,,0,0.8,FALSE,0,150843.7,8147000
JPN06-Nuclear-2030_exo,JPN06,,nuclear-unspecified,nuclear-unspecified,0,0,FALSE,0,0,0,0.76,,,,Nuclear,11.98,,2030,40,8147000,0.35,FALSE,,,,,,,,0.3,0.3,,,,,0,0.8,FALSE,0,150843.7,8147000
JPN06-HydroConventional-2023active_exo,JPN06,,hydro-unspecified,hydro-unspecified,3386.31,0,FALSE,0,3386.31,0,1,,,,HydroConventional,0,,2023,40,5360942.3,0,FALSE,,,,,,,,1,1,,,,,0,1,FALSE,0,119374.2,5360942.3
JPN06-HydroConventional-2030_exo,JPN06,,hydro-unspecified,hydro-unspecified,20.1,0,FALSE,0,20.1,0,1,,,,HydroConventional,0,,2030,40,5360942.3,0,FALSE,,,,,,,,1,1,,,,,0,1,FALSE,0,119374.2,5360942.3
JPN06-Biomass-2023active_exo,JPN06,,biomass-unspecified,biomass-unspecified,519.9,0,FALSE,0,519.9,0,1,,,,Biomass,225.22,,2023,40,3096640.3,0.17,FALSE,,,,,,,,1,1,,,,,0.125,1,FALSE,0,341755.2,3096640.3
JPN06-Biomass-2030_endo,JPN06,,biomass-unspecified,biomass-unspecified,0,0,TRUE,0,217.1,0,1,,,,Biomass,225.22,,2030,40,3096640.3,0.17,FALSE,,,,,,,,1,1,,,,,0.125,1,FALSE,0,341755.2,3096640.3
JPN06-Biomass-2030_exo,JPN06,,biomass-unspecified,biomass-unspecified,434.2,0,FALSE,0,434.2,0,1,,,,Biomass,225.22,,2030,40,3096640.3,0.17,FALSE,,,,,,,,1,1,,,,,0.125,1,FALSE,0,341755.2,3096640.3
JPN06-Geothermal-2023active_exo,JPN06,,geothermal-unspecified,geothermal-unspecified,44.69,0,FALSE,0,44.69,0,1,,,,Geothermal,0,,2023,40,6175057.2,0,FALSE,,,,,,,,1,1,,,,,0,0.6,FALSE,0,234905.7,6175057.2
JPN06-Geothermal-2030_endo,JPN06,,geothermal-unspecified,geothermal-unspecified,0,0,TRUE,0,0,0,1,,,,Geothermal,0,,2030,40,6175057.2,0,FALSE,,,,,,,,1,1,,,,,0,0.6,FALSE,0,234905.7,6175057.2
JPN06-Geothermal-2030_exo,JPN06,,geothermal-unspecified,geothermal-unspecified,0,0,FALSE,0,0,0,1,,,,Geothermal,0,,2030,40,6175057.2,0,FALSE,,,,,,,,1,1,,,,,0,0.6,FALSE,0,234905.7,6175057.2
JPN06-SolarGrid-2023active_exo,JPN06,,solar-unspecified,solar-unspecified,6110.92,0,FALSE,0,6110.92,0,1,,,,SolarGrid,0,,2023,20,1238912.4,0,FALSE,,,,,,,,1,1,,,,,0,1,FALSE,0,33090.6,1238912.4
JPN06-SolarGrid-2030_endo,JPN06,,solar-unspecified,solar-unspecified,0,0,TRUE,0,966,0,1,,,,SolarGrid,0,,2030,20,1238912.4,0,FALSE,,,,,,,,1,1,,,,,0,1,FALSE,0,33090.6,1238912.4
JPN06-SolarGrid-2030_exo,JPN06,,solar-unspecified,solar-unspecified,1409.557143,0,FALSE,0,1409.56,0,1,,,,SolarGrid,0,,2030,20,1238912.4,0,FALSE,,,,,,,,1,1,,,,,0,1,FALSE,0,33090.6,1238912.4
JPN06-OffshoreWind-2023active_exo,JPN06,,offshorewind-unspecified,offshorewind-unspecified,0,0,FALSE,0,0,0,1,,,,OffshoreWind,0,,2023,25,3272598.7,0,FALSE,,,,,,,,1,1,,,,,0,1,FALSE,0,120817.5,3272598.7
JPN06-OffshoreWind-2030_endo,JPN06,,offshorewind-unspecified,offshorewind-unspecified,0,0,TRUE,0,0,0,1,,,,OffshoreWind,0,,2030,25,3272598.7,0,FALSE,,,,,,,,1,1,,,,,0,1,FALSE,0,120817.5,3272598.7
JPN06-OffshoreWind-2030_exo,JPN06,,offshorewind-unspecified,offshorewind-unspecified,0,0,FALSE,0,0,0,1,,,,OffshoreWind,0,,2030,25,3272598.7,0,FALSE,,,,,,,,1,1,,,,,0,1,FALSE,0,120817.5,3272598.7
JPN06-OnshoreWind-2023active_exo,JPN06,,onshorewind-unspecified,onshorewind-unspecified,194.62,0,FALSE,0,194.62,0,1,,,,OnshoreWind,0,,2023,25,2472766.4,0,FALSE,,,,,,,,1,1,,,,,0,1,FALSE,0,79362.5,2472766.4
JPN06-OnshoreWind-2030_endo,JPN06,,onshorewind-unspecified,onshorewind-unspecified,0,0,TRUE,0,1658,0,1,,,,OnshoreWind,0,,2030,25,2472766.4,0,FALSE,,,,,,,,1,1,,,,,0,1,FALSE,0,79362.5,2472766.4
JPN06-OnshoreWind-2030_exo,JPN06,,onshorewind-unspecified,onshorewind-unspecified,63.77142857,0,FALSE,0,63.77142857,0,1,,,,OnshoreWind,0,,2030,25,2472766.4,0,FALSE,,,,,,,,1,1,,,,,0,1,FALSE,0,79362.5,2472766.4
JPN06-BlueH2-2030_exo,JPN06,,blending-blueH2-gas-unspecified,blending-blueH2-gas-unspecified,0,0,FALSE,0,0,0,1,,,,BlueH2,68.849,,2030,40,2101654.82,0.55,FALSE,,,,,,,,1,1,,,,,0,0.7,TRUE,0.1,76835.99,2101654.82
JPN06-BlueH2_Gas-2030_exo,JPN06,,blending-blueH2-gas-unspecified,blending-blueH2-gas-unspecified,0,0,FALSE,0,0,0,1,,,,BlueH2_Gas,68.849,,2030,40,2101654.82,0.55,FALSE,,,,,,,,1,1,,,,,0,0.7,TRUE,0.9,76835.99,2101654.82
JPN06-BlueNH3-2030_exo,JPN06,,blending-blueNH3-coal-unspecified,blending-blueNH3-coal-unspecified,280,0,FALSE,0,280,0,1,,,,BlueNH3,77.056,,2030,40,2357451.5,0.38,FALSE,,,,,,,,1,1,,,,,0,0.7,TRUE,0.2,99710.45,2357451.5
JPN06-BlueNH3_Coal-2030_exo,JPN06,,blending-blueNH3-coal-unspecified,blending-blueNH3-coal-unspecified,1120,0,FALSE,0,1120,0,1,,,,BlueNH3_Coal,77.056,,2030,40,2357451.5,0.38,FALSE,,,,,,,,1,1,,,,,0,0.7,TRUE,0.8,99710.45,2357451.5
JPN06-GasCCSLeaked-2030_exo,JPN06,,gas-CCS-unspecified,gas-CCS-unspecified,0,0,FALSE,0,0,0,1,,,,GasCCSLeaked,88.123,,2030,30,3351253,0.46,FALSE,,,,,,,,1,1,,,,,0,0.7,TRUE,0.3,124330.37,3351253
JPN06-GasCCSSequestered-2030_exo,JPN06,,gas-CCS-unspecified,gas-CCS-unspecified,0,0,FALSE,0,0,0,1,,,,GasCCSSequestered,88.123,,2030,30,3351253,0.46,FALSE,,,,,,,,1,1,,,,,0,0.7,TRUE,0.7,124330.37,3351253
JPN06-BlueH2-2030_endo,JPN06,,blending-blueH2-gas-unspecified,blending-blueH2-gas-unspecified,0,0,TRUE,0,inf,0,1,,,,BlueH2,68.849,,2030,40,2101654.82,0.55,FALSE,,,,,,,,1,1,,,,,0,0.7,TRUE,0.1,76835.99,2101654.82
JPN06-BlueH2_Gas-2030_endo,JPN06,,blending-blueH2-gas-unspecified,blending-blueH2-gas-unspecified,0,0,TRUE,0,inf,0,1,,,,BlueH2_Gas,68.849,,2030,40,2101654.82,0.55,FALSE,,,,,,,,1,1,,,,,0,0.7,TRUE,0.9,76835.99,2101654.82
JPN06-BlueNH3-2030_endo,JPN06,,blending-blueNH3-coal-unspecified,blending-blueNH3-coal-unspecified,0,0,TRUE,0,inf,0,1,,,,BlueNH3,77.056,,2030,40,2357451.5,0.38,FALSE,,,,,,,,1,1,,,,,0,0.7,TRUE,0.2,99710.45,2357451.5
JPN06-BlueNH3_Coal-2030_endo,JPN06,,blending-blueNH3-coal-unspecified,blending-blueNH3-coal-unspecified,0,0,TRUE,0,inf,0,1,,,,BlueNH3_Coal,77.056,,2030,40,2357451.5,0.38,FALSE,,,,,,,,1,1,,,,,0,0.7,TRUE,0.8,99710.45,2357451.5
JPN06-GasCCSLeaked-2030_endo,JPN06,,gas-CCS-unspecified,gas-CCS-unspecified,0,0,TRUE,0,inf,0,1,,,,GasCCSLeaked,88.123,,2030,30,3351253,0.46,FALSE,,,,,,,,1,1,,,,,0,0.7,TRUE,0.3,124330.37,3351253
JPN06-GasCCSSequestered-2030_endo,JPN06,,gas-CCS-unspecified,gas-CCS-unspecified,0,0,TRUE,0,inf,0,1,,,,GasCCSSequestered,88.123,,2030,30,3351253,0.46,FALSE,,,,,,,,1,1,,,,,0,0.7,TRUE,0.7,124330.37,3351253
JPN07-Coal-2023active_exo,JPN07,,coal-unspecified,coal-unspecified,5717.22,0,FALSE,0,5717.22,0,1,,,,Coal,40.9,,2023,40,2123830.2,0.36,FALSE,,,,,,,,0.7,0.85,,,,,0,0.65,FALSE,0,90645.9,2123830.2
JPN07-Coal-2030_endo,JPN07,,coal-unspecified,coal-unspecified,0,0,TRUE,0,0,0,1,,,,Coal,34.4,,2030,40,2123830.2,0.43,FALSE,,,,,,,,0.7,0.85,,,,,0,0.65,FALSE,0,90645.9,2123830.2
JPN07-Coal-2030_exo,JPN07,,coal-unspecified,coal-unspecified,0,0,FALSE,0,0,0,1,,,,Coal,34.4,,2030,40,2123830.2,0.43,FALSE,,,,,,,,0.7,0.85,,,,,0,0.65,FALSE,0,90645.9,2123830.2
JPN07-Gas-2023active_exo,JPN07,,gas-unspecified,gas-unspecified,2505.56,0,FALSE,0,2505.56,0,1,,,,Gas,63.29,,2023,40,2101654.8,0.5,FALSE,,,,,,,,1,1,,,,,0.13,0.56,FALSE,0,76836,2101654.8
JPN07-Gas-2030_endo,JPN07,,gas-unspecified,gas-unspecified,0,0,TRUE,0,528.34,0,1,,,,Gas,57.86,,2030,40,2101654.8,0.55,FALSE,,,,,,,,1,1,,,,,0.13,0.56,FALSE,0,76836,2101654.8
JPN07-Gas-2030_exo,JPN07,,gas-unspecified,gas-unspecified,513.55,0,FALSE,0,513.55,0,1,,,,Gas,57.86,,2030,40,2101654.8,0.55,FALSE,,,,,,,,1,1,,,,,0.13,0.56,FALSE,0,76836,2101654.8
JPN07-Oil-2023active_exo,JPN07,,oil-unspecified,oil-unspecified,2209.44,0,FALSE,0,2209.44,0,1,,,,Oil,171.07,,2023,30,2292758.4,0.29,FALSE,,,,,,,,1,1,,,,,0,1,FALSE,0,64108.6,2292758.4
JPN07-Oil-2030_endo,JPN07,,oil-unspecified,oil-unspecified,0,0,TRUE,0,0,0,1,,,,Oil,125.35,,2030,30,2292758.4,0.39,FALSE,,,,,,,,1,1,,,,,0,1,FALSE,0,64108.6,2292758.4
JPN07-Oil-2030_exo,JPN07,,oil-unspecified,oil-unspecified,0,0,FALSE,0,0,0,1,,,,Oil,125.35,,2030,30,2292758.4,0.39,FALSE,,,,,,,,1,1,,,,,0,1,FALSE,0,64108.6,2292758.4
JPN07-Nuclear-2023active_exo,JPN07,,nuclear-unspecified,nuclear-unspecified,0,0,FALSE,0,0,0,0.76,,,,Nuclear,11.98,,2023,40,8147000,0.35,FALSE,,,,,,,,0.3,0.3,,,,,0,0.8,FALSE,0,150843.7,8147000
JPN07-Nuclear-2030_exo,JPN07,,nuclear-unspecified,nuclear-unspecified,2193,0,FALSE,0,2193,0,0.76,,,,Nuclear,11.98,,2030,40,8147000,0.35,FALSE,,,,,,,,0.3,0.3,,,,,0,0.8,FALSE,0,150843.7,8147000
JPN07-HydroConventional-2023active_exo,JPN07,,hydro-unspecified,hydro-unspecified,979.44,0,FALSE,0,979.44,0,1,,,,HydroConventional,0,,2023,40,5360942.3,0,FALSE,,,,,,,,1,1,,,,,0,1,FALSE,0,119374.2,5360942.3
JPN07-HydroConventional-2030_exo,JPN07,,hydro-unspecified,hydro-unspecified,84.4,0,FALSE,0,84.4,0,1,,,,HydroConventional,0,,2030,40,5360942.3,0,FALSE,,,,,,,,1,1,,,,,0,1,FALSE,0,119374.2,5360942.3
JPN07-Biomass-2023active_exo,JPN07,,biomass-unspecified,biomass-unspecified,2762,0,FALSE,0,2762,0,1,,,,Biomass,225.22,,2023,40,3096640.3,0.17,FALSE,,,,,,,,1,1,,,,,0.125,1,FALSE,0,341755.2,3096640.3
JPN07-Biomass-2030_endo,JPN07,,biomass-unspecified,biomass-unspecified,0,0,TRUE,0,1698.4,0,1,,,,Biomass,225.22,,2030,40,3096640.3,0.17,FALSE,,,,,,,,1,1,,,,,0.125,1,FALSE,0,341755.2,3096640.3
JPN07-Biomass-2030_exo,JPN07,,biomass-unspecified,biomass-unspecified,3396.8,0,FALSE,0,3396.8,0,1,,,,Biomass,225.22,,2030,40,3096640.3,0.17,FALSE,,,,,,,,1,1,,,,,0.125,1,FALSE,0,341755.2,3096640.3
JPN07-Geothermal-2023active_exo,JPN07,,geothermal-unspecified,geothermal-unspecified,70.76,0,FALSE,0,70.76,0,1,,,,Geothermal,0,,2023,40,6175057.2,0,FALSE,,,,,,,,1,1,,,,,0,0.6,FALSE,0,234905.7,6175057.2
JPN07-Geothermal-2030_endo,JPN07,,geothermal-unspecified,geothermal-unspecified,0,0,TRUE,0,0,0,1,,,,Geothermal,0,,2030,40,6175057.2,0,FALSE,,,,,,,,1,1,,,,,0,0.6,FALSE,0,234905.7,6175057.2
JPN07-Geothermal-2030_exo,JPN07,,geothermal-unspecified,geothermal-unspecified,0,0,FALSE,0,0,0,1,,,,Geothermal,0,,2030,40,6175057.2,0,FALSE,,,,,,,,1,1,,,,,0,0.6,FALSE,0,234905.7,6175057.2
JPN07-SolarGrid-2023active_exo,JPN07,,solar-unspecified,solar-unspecified,6787.78,0,FALSE,0,6787.78,0,1,,,,SolarGrid,0,,2023,20,1238912.4,0,FALSE,,,,,,,,1,1,,,,,0,1,FALSE,0,33090.6,1238912.4
JPN07-SolarGrid-2030_endo,JPN07,,solar-unspecified,solar-unspecified,0,0,TRUE,0,1100,0,1,,,,SolarGrid,0,,2030,20,1238912.4,0,FALSE,,,,,,,,1,1,,,,,0,1,FALSE,0,33090.6,1238912.4
JPN07-SolarGrid-2030_exo,JPN07,,solar-unspecified,solar-unspecified,1631.757143,0,FALSE,0,1631.76,0,1,,,,SolarGrid,0,,2030,20,1238912.4,0,FALSE,,,,,,,,1,1,,,,,0,1,FALSE,0,33090.6,1238912.4
JPN07-OffshoreWind-2023active_exo,JPN07,,offshorewind-unspecified,offshorewind-unspecified,0,0,FALSE,0,0,0,1,,,,OffshoreWind,0,,2023,25,3272598.7,0,FALSE,,,,,,,,1,1,,,,,0,1,FALSE,0,120817.5,3272598.7
JPN07-OffshoreWind-2030_endo,JPN07,,offshorewind-unspecified,offshorewind-unspecified,0,0,TRUE,0,0,0,1,,,,OffshoreWind,0,,2030,25,3272598.7,0,FALSE,,,,,,,,1,1,,,,,0,1,FALSE,0,120817.5,3272598.7
JPN07-OffshoreWind-2030_exo,JPN07,,offshorewind-unspecified,offshorewind-unspecified,0,0,FALSE,0,0,0,1,,,,OffshoreWind,0,,2030,25,3272598.7,0,FALSE,,,,,,,,1,1,,,,,0,1,FALSE,0,120817.5,3272598.7
JPN07-OnshoreWind-2023active_exo,JPN07,,onshorewind-unspecified,onshorewind-unspecified,341.67,0,FALSE,0,341.67,0,1,,,,OnshoreWind,0,,2023,25,2472766.4,0,FALSE,,,,,,,,1,1,,,,,0,1,FALSE,0,79362.5,2472766.4
JPN07-OnshoreWind-2030_endo,JPN07,,onshorewind-unspecified,onshorewind-unspecified,0,0,TRUE,0,2717,0,1,,,,OnshoreWind,0,,2030,25,2472766.4,0,FALSE,,,,,,,,1,1,,,,,0,1,FALSE,0,79362.5,2472766.4
JPN07-OnshoreWind-2030_exo,JPN07,,onshorewind-unspecified,onshorewind-unspecified,6.857142857,0,FALSE,0,6.86,0,1,,,,OnshoreWind,0,,2030,25,2472766.4,0,FALSE,,,,,,,,1,1,,,,,0,1,FALSE,0,79362.5,2472766.4
JPN07-BlueH2-2030_exo,JPN07,,blending-blueH2-gas-unspecified,blending-blueH2-gas-unspecified,0,0,FALSE,0,0,0,1,,,,BlueH2,68.849,,2030,40,2101654.82,0.55,FALSE,,,,,,,,1,1,,,,,0,0.7,TRUE,0.1,76835.99,2101654.82
JPN07-BlueH2_Gas-2030_exo,JPN07,,blending-blueH2-gas-unspecified,blending-blueH2-gas-unspecified,0,0,FALSE,0,0,0,1,,,,BlueH2_Gas,68.849,,2030,40,2101654.82,0.55,FALSE,,,,,,,,1,1,,,,,0,0.7,TRUE,0.9,76835.99,2101654.82
JPN07-BlueNH3-2030_exo,JPN07,,blending-blueNH3-coal-unspecified,blending-blueNH3-coal-unspecified,0,0,FALSE,0,0,0,1,,,,BlueNH3,77.056,,2030,40,2357451.5,0.38,FALSE,,,,,,,,1,1,,,,,0,0.7,TRUE,0.2,99710.45,2357451.5
JPN07-BlueNH3_Coal-2030_exo,JPN07,,blending-blueNH3-coal-unspecified,blending-blueNH3-coal-unspecified,0,0,FALSE,0,0,0,1,,,,BlueNH3_Coal,77.056,,2030,40,2357451.5,0.38,FALSE,,,,,,,,1,1,,,,,0,0.7,TRUE,0.8,99710.45,2357451.5
JPN07-GasCCSLeaked-2030_exo,JPN07,,gas-CCS-unspecified,gas-CCS-unspecified,0,0,FALSE,0,0,0,1,,,,GasCCSLeaked,88.123,,2030,30,3351253,0.46,FALSE,,,,,,,,1,1,,,,,0,0.7,TRUE,0.3,124330.37,3351253
JPN07-GasCCSSequestered-2030_exo,JPN07,,gas-CCS-unspecified,gas-CCS-unspecified,0,0,FALSE,0,0,0,1,,,,GasCCSSequestered,88.123,,2030,30,3351253,0.46,FALSE,,,,,,,,1,1,,,,,0,0.7,TRUE,0.7,124330.37,3351253
JPN07-BlueH2-2030_endo,JPN07,,blending-blueH2-gas-unspecified,blending-blueH2-gas-unspecified,0,0,TRUE,0,inf,0,1,,,,BlueH2,68.849,,2030,40,2101654.82,0.55,FALSE,,,,,,,,1,1,,,,,0,0.7,TRUE,0.1,76835.99,2101654.82
JPN07-BlueH2_Gas-2030_endo,JPN07,,blending-blueH2-gas-unspecified,blending-blueH2-gas-unspecified,0,0,TRUE,0,inf,0,1,,,,BlueH2_Gas,68.849,,2030,40,2101654.82,0.55,FALSE,,,,,,,,1,1,,,,,0,0.7,TRUE,0.9,76835.99,2101654.82
JPN07-BlueNH3-2030_endo,JPN07,,blending-blueNH3-coal-unspecified,blending-blueNH3-coal-unspecified,0,0,TRUE,0,inf,0,1,,,,BlueNH3,77.056,,2030,40,2357451.5,0.38,FALSE,,,,,,,,1,1,,,,,0,0.7,TRUE,0.2,99710.45,2357451.5
JPN07-BlueNH3_Coal-2030_endo,JPN07,,blending-blueNH3-coal-unspecified,blending-blueNH3-coal-unspecified,0,0,TRUE,0,inf,0,1,,,,BlueNH3_Coal,77.056,,2030,40,2357451.5,0.38,FALSE,,,,,,,,1,1,,,,,0,0.7,TRUE,0.8,99710.45,2357451.5
JPN07-GasCCSLeaked-2030_endo,JPN07,,gas-CCS-unspecified,gas-CCS-unspecified,0,0,TRUE,0,inf,0,1,,,,GasCCSLeaked,88.123,,2030,30,3351253,0.46,FALSE,,,,,,,,1,1,,,,,0,0.7,TRUE,0.3,124330.37,3351253
JPN07-GasCCSSequestered-2030_endo,JPN07,,gas-CCS-unspecified,gas-CCS-unspecified,0,0,TRUE,0,inf,0,1,,,,GasCCSSequestered,88.123,,2030,30,3351253,0.46,FALSE,,,,,,,,1,1,,,,,0,0.7,TRUE,0.7,124330.37,3351253
JPN08-Coal-2023active_exo,JPN08,,coal-unspecified,coal-unspecified,3916,0,FALSE,0,3916,0,1,,,,Coal,40.9,,2023,40,2123830.2,0.36,FALSE,,,,,,,,0.7,0.85,,,,,0,0.47,FALSE,0,90645.9,2123830.2
JPN08-Coal-2030_endo,JPN08,,coal-unspecified,coal-unspecified,0,0,TRUE,0,0,0,1,,,,Coal,34.4,,2030,40,2123830.2,0.43,FALSE,,,,,,,,0.7,0.85,,,,,0,0.47,FALSE,0,90645.9,2123830.2
JPN08-Coal-2030_exo,JPN08,,coal-unspecified,coal-unspecified,0,0,FALSE,0,0,0,1,,,,Coal,34.4,,2030,40,2123830.2,0.43,FALSE,,,,,,,,0.7,0.85,,,,,0,0.47,FALSE,0,90645.9,2123830.2
JPN08-Gas-2023active_exo,JPN08,,gas-unspecified,gas-unspecified,915.43,0,FALSE,0,915.43,0,1,,,,Gas,63.29,,2023,40,2101654.8,0.5,FALSE,,,,,,,,1,1,,,,,0.13,0.56,FALSE,0,76836,2101654.8
JPN08-Gas-2030_endo,JPN08,,gas-unspecified,gas-unspecified,0,0,TRUE,0,163.4,0,1,,,,Gas,57.86,,2030,40,2101654.8,0.55,FALSE,,,,,,,,1,1,,,,,0.13,0.56,FALSE,0,76836,2101654.8
JPN08-Gas-2030_exo,JPN08,,gas-unspecified,gas-unspecified,18.27,0,FALSE,0,18.27,0,1,,,,Gas,57.86,,2030,40,2101654.8,0.55,FALSE,,,,,,,,1,1,,,,,0.13,0.56,FALSE,0,76836,2101654.8
JPN08-Oil-2023active_exo,JPN08,,oil-unspecified,oil-unspecified,1551.14,0,FALSE,0,1551.14,0,1,,,,Oil,171.07,,2023,30,2292758.4,0.29,FALSE,,,,,,,,1,1,,,,,0,1,FALSE,0,64108.6,2292758.4
JPN08-Oil-2030_endo,JPN08,,oil-unspecified,oil-unspecified,0,0,TRUE,0,0,0,1,,,,Oil,125.35,,2030,30,2292758.4,0.39,FALSE,,,,,,,,1,1,,,,,0,1,FALSE,0,64108.6,2292758.4
JPN08-Oil-2030_exo,JPN08,,oil-unspecified,oil-unspecified,0,0,FALSE,0,0,0,1,,,,Oil,125.35,,2030,30,2292758.4,0.39,FALSE,,,,,,,,1,1,,,,,0,1,FALSE,0,64108.6,2292758.4
JPN08-Nuclear-2023active_exo,JPN08,,nuclear-unspecified,nuclear-unspecified,890,0,FALSE,0,890,0,0.76,,,,Nuclear,11.98,,2023,40,8147000,0.35,FALSE,,,,,,,,0.3,0.3,,,,,0,0.8,FALSE,0,150843.7,8147000
JPN08-Nuclear-2030_exo,JPN08,,nuclear-unspecified,nuclear-unspecified,0,0,FALSE,0,0,0,0.76,,,,Nuclear,11.98,,2030,40,8147000,0.35,FALSE,,,,,,,,0.3,0.3,,,,,0,0.8,FALSE,0,150843.7,8147000
JPN08-HydroConventional-2023active_exo,JPN08,,hydro-unspecified,hydro-unspecified,851.86,0,FALSE,0,851.86,0,1,,,,HydroConventional,0,,2023,40,5360942.3,0,FALSE,,,,,,,,1,1,,,,,0,1,FALSE,0,119374.2,5360942.3
JPN08-HydroConventional-2030_exo,JPN08,,hydro-unspecified,hydro-unspecified,17.8,0,FALSE,0,17.8,0,1,,,,HydroConventional,0,,2030,40,5360942.3,0,FALSE,,,,,,,,1,1,,,,,0,1,FALSE,0,119374.2,5360942.3
JPN08-Biomass-2023active_exo,JPN08,,biomass-unspecified,biomass-unspecified,319.67,0,FALSE,0,319.67,0,1,,,,Biomass,225.22,,2023,40,3096640.3,0.17,FALSE,,,,,,,,1,1,,,,,0.125,1,FALSE,0,341755.2,3096640.3
JPN08-Biomass-2030_endo,JPN08,,biomass-unspecified,biomass-unspecified,0,0,TRUE,0,143.1,0,1,,,,Biomass,225.22,,2030,40,3096640.3,0.17,FALSE,,,,,,,,1,1,,,,,0.125,1,FALSE,0,341755.2,3096640.3
JPN08-Biomass-2030_exo,JPN08,,biomass-unspecified,biomass-unspecified,286.2,0,FALSE,0,286.2,0,1,,,,Biomass,225.22,,2030,40,3096640.3,0.17,FALSE,,,,,,,,1,1,,,,,0.125,1,FALSE,0,341755.2,3096640.3
JPN08-Geothermal-2023active_exo,JPN08,,geothermal-unspecified,geothermal-unspecified,27.48,0,FALSE,0,27.48,0,1,,,,Geothermal,0,,2023,40,6175057.2,0,FALSE,,,,,,,,1,1,,,,,0,0.6,FALSE,0,234905.7,6175057.2
JPN08-Geothermal-2030_endo,JPN08,,geothermal-unspecified,geothermal-unspecified,0,0,TRUE,0,0,0,1,,,,Geothermal,0,,2030,40,6175057.2,0,FALSE,,,,,,,,1,1,,,,,0,0.6,FALSE,0,234905.7,6175057.2
JPN08-Geothermal-2030_exo,JPN08,,geothermal-unspecified,geothermal-unspecified,0,0,FALSE,0,0,0,1,,,,Geothermal,0,,2030,40,6175057.2,0,FALSE,,,,,,,,1,1,,,,,0,0.6,FALSE,0,234905.7,6175057.2
JPN08-SolarGrid-2023active_exo,JPN08,,solar-unspecified,solar-unspecified,3165.86,0,FALSE,0,3165.86,0,1,,,,SolarGrid,0,,2023,20,1238912.4,0,FALSE,,,,,,,,1,1,,,,,0,1,FALSE,0,33090.6,1238912.4
JPN08-SolarGrid-2030_endo,JPN08,,solar-unspecified,solar-unspecified,0,0,TRUE,0,467,0,1,,,,SolarGrid,0,,2030,20,1238912.4,0,FALSE,,,,,,,,1,1,,,,,0,1,FALSE,0,33090.6,1238912.4
JPN08-SolarGrid-2030_exo,JPN08,,solar-unspecified,solar-unspecified,634.4857143,0,FALSE,0,634.49,0,1,,,,SolarGrid,0,,2030,20,1238912.4,0,FALSE,,,,,,,,1,1,,,,,0,1,FALSE,0,33090.6,1238912.4
JPN08-OffshoreWind-2023active_exo,JPN08,,offshorewind-unspecified,offshorewind-unspecified,0,0,FALSE,0,0,0,1,,,,OffshoreWind,0,,2023,25,3272598.7,0,FALSE,,,,,,,,1,1,,,,,0,1,FALSE,0,120817.5,3272598.7
JPN08-OffshoreWind-2030_endo,JPN08,,offshorewind-unspecified,offshorewind-unspecified,0,0,TRUE,0,0,0,1,,,,OffshoreWind,0,,2030,25,3272598.7,0,FALSE,,,,,,,,1,1,,,,,0,1,FALSE,0,120817.5,3272598.7
JPN08-OffshoreWind-2030_exo,JPN08,,offshorewind-unspecified,offshorewind-unspecified,0,0,FALSE,0,0,0,1,,,,OffshoreWind,0,,2030,25,3272598.7,0,FALSE,,,,,,,,1,1,,,,,0,1,FALSE,0,120817.5,3272598.7
JPN08-OnshoreWind-2023active_exo,JPN08,,onshorewind-unspecified,onshorewind-unspecified,267,0,FALSE,0,267,0,1,,,,OnshoreWind,0,,2023,25,2472766.4,0,FALSE,,,,,,,,1,1,,,,,0,1,FALSE,0,79362.5,2472766.4
JPN08-OnshoreWind-2030_endo,JPN08,,onshorewind-unspecified,onshorewind-unspecified,0,0,TRUE,0,959,0,1,,,,OnshoreWind,0,,2030,25,2472766.4,0,FALSE,,,,,,,,1,1,,,,,0,1,FALSE,0,79362.5,2472766.4
JPN08-OnshoreWind-2030_exo,JPN08,,onshorewind-unspecified,onshorewind-unspecified,104.1571429,0,FALSE,0,104.16,0,1,,,,OnshoreWind,0,,2030,25,2472766.4,0,FALSE,,,,,,,,1,1,,,,,0,1,FALSE,0,79362.5,2472766.4
JPN08-BlueH2-2030_exo,JPN08,,blending-blueH2-gas-unspecified,blending-blueH2-gas-unspecified,0,0,FALSE,0,0,0,1,,,,BlueH2,68.849,,2030,40,2101654.82,0.55,FALSE,,,,,,,,1,1,,,,,0,0.7,TRUE,0.1,76835.99,2101654.82
JPN08-BlueH2_Gas-2030_exo,JPN08,,blending-blueH2-gas-unspecified,blending-blueH2-gas-unspecified,0,0,FALSE,0,0,0,1,,,,BlueH2_Gas,68.849,,2030,40,2101654.82,0.55,FALSE,,,,,,,,1,1,,,,,0,0.7,TRUE,0.9,76835.99,2101654.82
JPN08-BlueNH3-2030_exo,JPN08,,blending-blueNH3-coal-unspecified,blending-blueNH3-coal-unspecified,0,0,FALSE,0,0,0,1,,,,BlueNH3,77.056,,2030,40,2357451.5,0.38,FALSE,,,,,,,,1,1,,,,,0,0.7,TRUE,0.2,99710.45,2357451.5
JPN08-BlueNH3_Coal-2030_exo,JPN08,,blending-blueNH3-coal-unspecified,blending-blueNH3-coal-unspecified,0,0,FALSE,0,0,0,1,,,,BlueNH3_Coal,77.056,,2030,40,2357451.5,0.38,FALSE,,,,,,,,1,1,,,,,0,0.7,TRUE,0.8,99710.45,2357451.5
JPN08-GasCCSLeaked-2030_exo,JPN08,,gas-CCS-unspecified,gas-CCS-unspecified,0,0,FALSE,0,0,0,1,,,,GasCCSLeaked,88.123,,2030,30,3351253,0.46,FALSE,,,,,,,,1,1,,,,,0,0.7,TRUE,0.3,124330.37,3351253
JPN08-GasCCSSequestered-2030_exo,JPN08,,gas-CCS-unspecified,gas-CCS-unspecified,0,0,FALSE,0,0,0,1,,,,GasCCSSequestered,88.123,,2030,30,3351253,0.46,FALSE,,,,,,,,1,1,,,,,0,0.7,TRUE,0.7,124330.37,3351253
JPN08-BlueH2-2030_endo,JPN08,,blending-blueH2-gas-unspecified,blending-blueH2-gas-unspecified,0,0,TRUE,0,inf,0,1,,,,BlueH2,68.849,,2030,40,2101654.82,0.55,FALSE,,,,,,,,1,1,,,,,0,0.7,TRUE,0.1,76835.99,2101654.82
JPN08-BlueH2_Gas-2030_endo,JPN08,,blending-blueH2-gas-unspecified,blending-blueH2-gas-unspecified,0,0,TRUE,0,inf,0,1,,,,BlueH2_Gas,68.849,,2030,40,2101654.82,0.55,FALSE,,,,,,,,1,1,,,,,0,0.7,TRUE,0.9,76835.99,2101654.82
JPN08-BlueNH3-2030_endo,JPN08,,blending-blueNH3-coal-unspecified,blending-blueNH3-coal-unspecified,0,0,TRUE,0,inf,0,1,,,,BlueNH3,77.056,,2030,40,2357451.5,0.38,FALSE,,,,,,,,1,1,,,,,0,0.7,TRUE,0.2,99710.45,2357451.5
JPN08-BlueNH3_Coal-2030_endo,JPN08,,blending-blueNH3-coal-unspecified,blending-blueNH3-coal-unspecified,0,0,TRUE,0,inf,0,1,,,,BlueNH3_Coal,77.056,,2030,40,2357451.5,0.38,FALSE,,,,,,,,1,1,,,,,0,0.7,TRUE,0.8,99710.45,2357451.5
JPN08-GasCCSLeaked-2030_endo,JPN08,,gas-CCS-unspecified,gas-CCS-unspecified,0,0,TRUE,0,inf,0,1,,,,GasCCSLeaked,88.123,,2030,30,3351253,0.46,FALSE,,,,,,,,1,1,,,,,0,0.7,TRUE,0.3,124330.37,3351253
JPN08-GasCCSSequestered-2030_endo,JPN08,,gas-CCS-unspecified,gas-CCS-unspecified,0,0,TRUE,0,inf,0,1,,,,GasCCSSequestered,88.123,,2030,30,3351253,0.46,FALSE,,,,,,,,1,1,,,,,0,0.7,TRUE,0.7,124330.37,3351253
JPN09-Coal-2023active_exo,JPN09,,coal-unspecified,coal-unspecified,7367.8,0,FALSE,0,7367.8,0,1,,,,Coal,40.9,,2023,40,2123830.2,0.36,FALSE,,,,,,,,0.7,0.85,,,,,0,0.51,FALSE,0,90645.9,2123830.2
JPN09-Coal-2030_endo,JPN09,,coal-unspecified,coal-unspecified,0,0,TRUE,0,0,0,1,,,,Coal,34.4,,2030,40,2123830.2,0.43,FALSE,,,,,,,,0.7,0.85,,,,,0,0.51,FALSE,0,90645.9,2123830.2
JPN09-Coal-2030_exo,JPN09,,coal-unspecified,coal-unspecified,0,0,FALSE,0,0,0,1,,,,Coal,34.4,,2030,40,2123830.2,0.43,FALSE,,,,,,,,0.7,0.85,,,,,0,0.51,FALSE,0,90645.9,2123830.2
JPN09-Gas-2023active_exo,JPN09,,gas-unspecified,gas-unspecified,4315.42,0,FALSE,0,4315.42,0,1,,,,Gas,63.29,,2023,40,2101654.8,0.5,FALSE,,,,,,,,1,1,,,,,0.13,0.56,FALSE,0,76836,2101654.8
JPN09-Gas-2030_endo,JPN09,,gas-unspecified,gas-unspecified,0,0,TRUE,0,770.27,0,1,,,,Gas,57.86,,2030,40,2101654.8,0.55,FALSE,,,,,,,,1,1,,,,,0.13,0.56,FALSE,0,76836,2101654.8
JPN09-Gas-2030_exo,JPN09,,gas-unspecified,gas-unspecified,86.14,0,FALSE,0,86.14,0,1,,,,Gas,57.86,,2030,40,2101654.8,0.55,FALSE,,,,,,,,1,1,,,,,0.13,0.56,FALSE,0,76836,2101654.8
JPN09-Oil-2023active_exo,JPN09,,oil-unspecified,oil-unspecified,1438.47,0,FALSE,0,1438.47,0,1,,,,Oil,171.07,,2023,30,2292758.4,0.29,FALSE,,,,,,,,1,1,,,,,0,1,FALSE,0,64108.6,2292758.4
JPN09-Oil-2030_endo,JPN09,,oil-unspecified,oil-unspecified,0,0,TRUE,0,0,0,1,,,,Oil,125.35,,2030,30,2292758.4,0.39,FALSE,,,,,,,,1,1,,,,,0,1,FALSE,0,64108.6,2292758.4
JPN09-Oil-2030_exo,JPN09,,oil-unspecified,oil-unspecified,0,0,FALSE,0,0,0,1,,,,Oil,125.35,,2030,30,2292758.4,0.39,FALSE,,,,,,,,1,1,,,,,0,1,FALSE,0,64108.6,2292758.4
JPN09-Nuclear-2023active_exo,JPN09,,nuclear-unspecified,nuclear-unspecified,4140,0,FALSE,0,4140,0,0.76,,,,Nuclear,11.98,,2023,40,8147000,0.35,FALSE,,,,,,,,0.3,0.3,,,,,0,0.8,FALSE,0,150843.7,8147000
JPN09-Nuclear-2030_exo,JPN09,,nuclear-unspecified,nuclear-unspecified,0,0,FALSE,0,0,0,0.76,,,,Nuclear,11.98,,2030,40,8147000,0.35,FALSE,,,,,,,,0.3,0.3,,,,,0,0.8,FALSE,0,150843.7,8147000
JPN09-HydroConventional-2023active_exo,JPN09,,hydro-unspecified,hydro-unspecified,1824.41,0,FALSE,0,1824.41,0,1,,,,HydroConventional,0,,2023,40,5360942.3,0,FALSE,,,,,,,,1,1,,,,,0,1,FALSE,0,119374.2,5360942.3
JPN09-HydroConventional-2030_exo,JPN09,,hydro-unspecified,hydro-unspecified,247.1,0,FALSE,0,247.1,0,1,,,,HydroConventional,0,,2030,40,5360942.3,0,FALSE,,,,,,,,1,1,,,,,0,1,FALSE,0,119374.2,5360942.3
JPN09-Biomass-2023active_exo,JPN09,,biomass-unspecified,biomass-unspecified,937.26,0,FALSE,0,937.26,0,1,,,,Biomass,225.22,,2023,40,3096640.3,0.17,FALSE,,,,,,,,1,1,,,,,0.125,1,FALSE,0,341755.2,3096640.3
JPN09-Biomass-2030_endo,JPN09,,biomass-unspecified,biomass-unspecified,0,0,TRUE,0,388.05,0,1,,,,Biomass,225.22,,2030,40,3096640.3,0.17,FALSE,,,,,,,,1,1,,,,,0.125,1,FALSE,0,341755.2,3096640.3
JPN09-Biomass-2030_exo,JPN09,,biomass-unspecified,biomass-unspecified,776.1,0,FALSE,0,776.1,0,1,,,,Biomass,225.22,,2030,40,3096640.3,0.17,FALSE,,,,,,,,1,1,,,,,0.125,1,FALSE,0,341755.2,3096640.3
JPN09-Geothermal-2023active_exo,JPN09,,geothermal-unspecified,geothermal-unspecified,80.56,0,FALSE,0,80.56,0,1,,,,Geothermal,0,,2023,40,6175057.2,0,FALSE,,,,,,,,1,1,,,,,0,0.6,FALSE,0,234905.7,6175057.2
JPN09-Geothermal-2030_endo,JPN09,,geothermal-unspecified,geothermal-unspecified,0,0,TRUE,0,14.45,0,1,,,,Geothermal,0,,2030,40,6175057.2,0,FALSE,,,,,,,,1,1,,,,,0,0.6,FALSE,0,234905.7,6175057.2
JPN09-Geothermal-2030_exo,JPN09,,geothermal-unspecified,geothermal-unspecified,28.9,0,FALSE,0,28.9,0,1,,,,Geothermal,0,,2030,40,6175057.2,0,FALSE,,,,,,,,1,1,,,,,0,0.6,FALSE,0,234905.7,6175057.2
JPN09-SolarGrid-2023active_exo,JPN09,,solar-unspecified,solar-unspecified,11577.97,0,FALSE,0,11577.97,0,1,,,,SolarGrid,0,,2023,20,1238912.4,0,FALSE,,,,,,,,1,1,,,,,0,1,FALSE,0,33090.6,1238912.4
JPN09-SolarGrid-2030_endo,JPN09,,solar-unspecified,solar-unspecified,0,0,TRUE,0,763,0,1,,,,SolarGrid,0,,2030,20,1238912.4,0,FALSE,,,,,,,,1,1,,,,,0,1,FALSE,0,33090.6,1238912.4
JPN09-SolarGrid-2030_exo,JPN09,,solar-unspecified,solar-unspecified,1781.185714,0,FALSE,0,1781.19,0,1,,,,SolarGrid,0,,2030,20,1238912.4,0,FALSE,,,,,,,,1,1,,,,,0,1,FALSE,0,33090.6,1238912.4
JPN09-OffshoreWind-2023active_exo,JPN09,,offshorewind-unspecified,offshorewind-unspecified,0,0,FALSE,0,0,0,1,,,,OffshoreWind,0,,2023,25,3272598.7,0,FALSE,,,,,,,,1,1,,,,,0,1,FALSE,0,120817.5,3272598.7
JPN09-OffshoreWind-2030_endo,JPN09,,offshorewind-unspecified,offshorewind-unspecified,0,0,TRUE,0,0,0,1,,,,OffshoreWind,0,,2030,25,3272598.7,0,FALSE,,,,,,,,1,1,,,,,0,1,FALSE,0,120817.5,3272598.7
JPN09-OffshoreWind-2030_exo,JPN09,,offshorewind-unspecified,offshorewind-unspecified,437,0,FALSE,0,437,0,1,,,,OffshoreWind,0,,2030,25,3272598.7,0,FALSE,,,,,,,,1,1,,,,,0,1,FALSE,0,120817.5,3272598.7
JPN09-OnshoreWind-2023active_exo,JPN09,,onshorewind-unspecified,onshorewind-unspecified,631.53,0,FALSE,0,631.53,0,1,,,,OnshoreWind,0,,2023,25,2472766.4,0,FALSE,,,,,,,,1,1,,,,,0,1,FALSE,0,79362.5,2472766.4
JPN09-OnshoreWind-2030_endo,JPN09,,onshorewind-unspecified,onshorewind-unspecified,0,0,TRUE,0,4021,0,1,,,,OnshoreWind,0,,2030,25,2472766.4,0,FALSE,,,,,,,,1,1,,,,,0,1,FALSE,0,79362.5,2472766.4
JPN09-OnshoreWind-2030_exo,JPN09,,onshorewind-unspecified,onshorewind-unspecified,230.9857143,0,FALSE,0,230.99,0,1,,,,OnshoreWind,0,,2030,25,2472766.4,0,FALSE,,,,,,,,1,1,,,,,0,1,FALSE,0,79362.5,2472766.4
JPN09-BlueH2-2030_exo,JPN09,,blending-blueH2-gas-unspecified,blending-blueH2-gas-unspecified,0,0,FALSE,0,0,0,1,,,,BlueH2,68.849,,2030,40,2101654.82,0.55,FALSE,,,,,,,,1,1,,,,,0,0.7,TRUE,0.1,76835.99,2101654.82
JPN09-BlueH2_Gas-2030_exo,JPN09,,blending-blueH2-gas-unspecified,blending-blueH2-gas-unspecified,0,0,FALSE,0,0,0,1,,,,BlueH2_Gas,68.849,,2030,40,2101654.82,0.55,FALSE,,,,,,,,1,1,,,,,0,0.7,TRUE,0.9,76835.99,2101654.82
JPN09-BlueNH3-2030_exo,JPN09,,blending-blueNH3-coal-unspecified,blending-blueNH3-coal-unspecified,0,0,FALSE,0,0,0,1,,,,BlueNH3,77.056,,2030,40,2357451.5,0.38,FALSE,,,,,,,,1,1,,,,,0,0.7,TRUE,0.2,99710.45,2357451.5
JPN09-BlueNH3_Coal-2030_exo,JPN09,,blending-blueNH3-coal-unspecified,blending-blueNH3-coal-unspecified,0,0,FALSE,0,0,0,1,,,,BlueNH3_Coal,77.056,,2030,40,2357451.5,0.38,FALSE,,,,,,,,1,1,,,,,0,0.7,TRUE,0.8,99710.45,2357451.5
JPN09-GasCCSLeaked-2030_exo,JPN09,,gas-CCS-unspecified,gas-CCS-unspecified,0,0,FALSE,0,0,0,1,,,,GasCCSLeaked,88.123,,2030,30,3351253,0.46,FALSE,,,,,,,,1,1,,,,,0,0.7,TRUE,0.3,124330.37,3351253
JPN09-GasCCSSequestered-2030_exo,JPN09,,gas-CCS-unspecified,gas-CCS-unspecified,0,0,FALSE,0,0,0,1,,,,GasCCSSequestered,88.123,,2030,30,3351253,0.46,FALSE,,,,,,,,1,1,,,,,0,0.7,TRUE,0.7,124330.37,3351253
JPN09-BlueH2-2030_endo,JPN09,,blending-blueH2-gas-unspecified,blending-blueH2-gas-unspecified,0,0,TRUE,0,inf,0,1,,,,BlueH2,68.849,,2030,40,2101654.82,0.55,FALSE,,,,,,,,1,1,,,,,0,0.7,TRUE,0.1,76835.99,2101654.82
JPN09-BlueH2_Gas-2030_endo,JPN09,,blending-blueH2-gas-unspecified,blending-blueH2-gas-unspecified,0,0,TRUE,0,inf,0,1,,,,BlueH2_Gas,68.849,,2030,40,2101654.82,0.55,FALSE,,,,,,,,1,1,,,,,0,0.7,TRUE,0.9,76835.99,2101654.82
JPN09-BlueNH3-2030_endo,JPN09,,blending-blueNH3-coal-unspecified,blending-blueNH3-coal-unspecified,0,0,TRUE,0,inf,0,1,,,,BlueNH3,77.056,,2030,40,2357451.5,0.38,FALSE,,,,,,,,1,1,,,,,0,0.7,TRUE,0.2,99710.45,2357451.5
JPN09-BlueNH3_Coal-2030_endo,JPN09,,blending-blueNH3-coal-unspecified,blending-blueNH3-coal-unspecified,0,0,TRUE,0,inf,0,1,,,,BlueNH3_Coal,77.056,,2030,40,2357451.5,0.38,FALSE,,,,,,,,1,1,,,,,0,0.7,TRUE,0.8,99710.45,2357451.5
JPN09-GasCCSLeaked-2030_endo,JPN09,,gas-CCS-unspecified,gas-CCS-unspecified,0,0,TRUE,0,inf,0,1,,,,GasCCSLeaked,88.123,,2030,30,3351253,0.46,FALSE,,,,,,,,1,1,,,,,0,0.7,TRUE,0.3,124330.37,3351253
JPN09-GasCCSSequestered-2030_endo,JPN09,,gas-CCS-unspecified,gas-CCS-unspecified,0,0,TRUE,0,inf,0,1,,,,GasCCSSequestered,88.123,,2030,30,3351253,0.46,FALSE,,,,,,,,1,1,,,,,0,0.7,TRUE,0.7,124330.37,3351253
